nome_produto,preco_antigo,preco_atual,credito,desconto,avaliacao,cupom,link,unidades
"Console PlayStation 5 Slim Sony, SSD 1TB, Com Controle Sem Fio DualSense, Branco + 2 Jogos - 1000038899","R$ 4.499,00","R$ 3.812,07","10x de R$ 409,90",-8%,(337),Cupom PLAY300,https://www.kabum.com.br/produto/527400/console-playstation-5-slim-sony-ssd-1tb-com-controle-sem-fio-dualsense-branco-2-jogos-1000038899,
"Console Nintendo Switch + Joy-Con Neon + Mario Kart 8 Deluxe + 3 Meses de Assinatura Nintendo Switch Online, Azul e Vermelho - HBDSKABL2","R$ 2.777,77","R$ 1.979,10","10x de R$ 219,90",-20%,(30),Mega Maio,https://www.kabum.com.br/produto/385191/console-nintendo-switch-joy-con-neon-mario-kart-8-deluxe-3-meses-de-assinatura-nintendo-switch-online-azul-e-vermelho-hbdskabl2,Restam 82 unid.
"Console Nintendo Switch OLED, Branco + Mario Kart 8 Deluxe + 3 meses do Nintendo Switch Online","R$ 2.903,22","R$ 2.510,07","10x de R$ 269,89",-7%,(7),Mega Maio,https://www.kabum.com.br/produto/651149/console-nintendo-switch-oled-branco-mario-kart-8-deluxe-3-meses-do-nintendo-switch-online,Restam 54 unid.
Console Nintendo Switch OLED + Super Mario Bros  Wonder + 12 meses do Nintendo Switch Online,"R$ 2.903,22","R$ 2.444,97","10x de R$ 262,89",-9%,(5),Mega Maio,https://www.kabum.com.br/produto/644556/console-nintendo-switch-oled-super-mario-bros-wonder-12-meses-do-nintendo-switch-online,Restam 4 unid.
"Console PlayStation 5 Slim Sony, SSD 1TB, Edição Digital, Com Controle Sem Fio DualSense, Branco + 2 Jogos Digitais - 1000038914","R$ 3.999,00","R$ 3.533,07","10x de R$ 379,90",-5%,(654),Cupom PLAY300,https://www.kabum.com.br/produto/542929/console-playstation-5-slim-sony-ssd-1tb-edicao-digital-com-controle-sem-fio-dualsense-branco-2-jogos-digitais-1000038914,
"Placa de Vídeo Palit RTX 5090 GameRock OC NVIDIA GeForce, 32GB, GDDR7, ARGB SYNC EVO, G-Sync, Ray Tracing, DLSS 4 - NE75090S19R5-GB2020G","R$ 27.777,77","R$ 22.999,99","10x de R$ 2555,55",-8%,,,https://www.kabum.com.br/produto/697752/placa-de-video-palit-rtx-5090-gamerock-oc-nvidia-geforce-32gb-gddr7-argb-sync-evo-g-sync-ray-tracing-dlss-4-ne75090s19r5-gb2020g,Restam 10 unid.
"Placa de Vídeo ASUS RTX5090 ROG Astral Gaming OC NVIDIA GeForce, 32GB, GDDR7, ARGB, G-Sync, Ray Tracing, DLSS 4, HDR - 90YV0LW0-M0NA00","R$ 33.333,32","R$ 24.599,90","10x de R$ 2733,32",-18%,(4),,https://www.kabum.com.br/produto/700804/placa-de-video-asus-rtx5090-rog-astral-gaming-oc-nvidia-geforce-32gb-gddr7-argb-g-sync-ray-tracing-dlss-4-hdr-90yv0lw0-m0na00,Restam 48 unid.
"Placa de Vídeo RTX 5090 GAMING OC 32G Gigabyte NVIDIA GeForce, 32GB GDDR7, 512bits, RGB, DLSS, Ray Tracing - GV-N5090GAMING OC-32GD","R$ 26.888,88","R$ 21.999,90","10x de R$ 2444,43",-9%,,,https://www.kabum.com.br/produto/713218/placa-de-video-rtx-5090-gaming-oc-32g-gigabyte-nvidia-geforce-32gb-gddr7-512bits-rgb-dlss-ray-tracing-gv-n5090gaming-oc-32gd,Restam 20 unid.
"Placa de Vídeo MSI GeForce RTX 5080 16G SHADOW 3X OC, 16GB GDDR7, 256 bits, NVIDIA® GeForce RTX? 5080 - G5080-16S3C","R$ 12.222,21","R$ 9.999,99","10x de R$ 1111,11",-9%,(1),,https://www.kabum.com.br/produto/725585/placa-de-video-msi-geforce-rtx-5080-16g-shadow-3x-oc-16gb-gddr7-256-bits-nvidia-geforce-rtx-5080-g5080-16s3c,Restam 1 unid.
"Monitor Gamer LG UltraGear 32"" OLED 4K, 480Hz, 0,03ms GTG, HDR400, G-SYNC, FreeSync Premium Pro ? 32GS95UV","R$ 12.222,21","R$ 9.999,99","10x de R$ 1111,11",-9%,(1),,https://www.kabum.com.br/produto/718873/monitor-gamer-lg-ultragear-32-oled-4k-480hz-0-03ms-gtg-hdr400-g-sync-freesync-premium-pro-32gs95uv,Restam 10 unid.
"Monitor Gamer Samsung S3 24"" FHD, IPS, 100Hz, HDMI e VGA, Preto - LS24D300GALMZD","R$ 833,32","R$ 699,99","10x de R$ 77,77",-6%,,Mega Maio,https://www.kabum.com.br/produto/727531/monitor-gamer-samsung-s3-24-fhd-ips-100hz-hdmi-e-vga-preto-ls24d300galmzd,
"Monitor Samsung S3 27"" FHD, 100Hz, IPS, HDMI, Preto- LS27D300GALMZD","R$ 1.055,54","R$ 899,99","10x de R$ 99,99",-5%,,Mega Maio,https://www.kabum.com.br/produto/727532/monitor-samsung-s3-27-fhd-100hz-ips-hdmi-preto-ls27d300galmzd,
"Monitor LG UltraFine Smart 4K 27"" UHD IPS, HDR10, DCI-P3 90%, Dynamic Action Sync - 27US500-W.","R$ 1.666,66","R$ 1.299,99","10x de R$ 144,44",-13%,(1),,https://www.kabum.com.br/produto/728072/monitor-lg-ultrafine-smart-4k-27-uhd-ips-hdr10-dci-p3-90-dynamic-action-sync-27us500-w-,
"MacBook Air Apple 15"" Chip M4, CPU 10 Núcleos, GPU 10 Núcleos, Neural Engine 16 Núcleos, 16GB RAM, SSD 512GB, Prateado - MW1H3BZ/A","R$ 18.399,86","R$ 12.699,00","10x de R$ 1411,00",-23%,,Mega Maio,https://www.kabum.com.br/produto/726061/macbook-air-apple-15-chip-m4-cpu-10-nucleos-gpu-10-nucleos-neural-engine-16-nucleos-16gb-ram-ssd-512gb-prateado-mw1h3bz-a,Restam 14 unid.
"Headset Gamer HyperX HX CLXST2C BLK GAM HS Xbox, Bi-directional, Noise-cancelling, Preto - 6H9B8AA","R$ 377,77","R$ 229,99","10x de R$ 25,55",-32%,,Mega Maio,https://www.kabum.com.br/produto/732897/headset-gamer-hyperx-hx-clxst2c-blk-gam-hs-xbox-bi-directional-noise-cancelling-preto-6h9b8aa,
"Fonte Aerocool KCAS, 600W, 80 Plus Bronze, Sem Cabo, Preto - KCAS-600W","R$ 392,93","R$ 314,99","10x de R$ 37,05",-5%,(74),,https://www.kabum.com.br/produto/57438/fonte-aerocool-kcas-600w-80-plus-bronze-sem-cabo-preto-kcas-600w,Restam 16 unid.
"Mouse Gamer Sem Fio Redragon King 4K Pro, Wireless, 26000 DPI, 7 Botões, Preto - M916-PRO-4K","R$ 329,40","R$ 264,99","10x de R$ 31,17",-5%,(67),Mega Maio,https://www.kabum.com.br/produto/620756/mouse-gamer-sem-fio-redragon-king-4k-pro-wireless-26000-dpi-7-botoes-preto-m916-pro-4k,Restam 67 unid.
"Robô Aspirador De Pó e Passa Pano KaBuM! Smart 100, Branco - KBSF005","R$ 777,67","R$ 499,90","10x de R$ 55,54",-28%,(285),Mega Maio,https://www.kabum.com.br/produto/191898/robo-aspirador-de-po-e-passa-pano-kabum-smart-100-branco-kbsf005,Restam 94 unid.
"Fechadura Digital KaBuM! Smart 500 - Biometria, controle via aplicativo, Vidro Preto (Com maçaneta) - KBSG001","R$ 602,11","R$ 459,90","10x de R$ 51,10",-15%,(33),,https://www.kabum.com.br/produto/242186/fechadura-digital-kabum-smart-500-biometria-controle-via-aplicativo-vidro-preto-com-macaneta-kbsg001,Restam 50 unid.
"Soundbar Gamer Husky Snow, 4W, Iluminação RGB, USB, P2, Preta - HSB110PT","R$ 231,31","R$ 114,90","5x de R$ 27,03",-41%,(324),Mega Maio,https://www.kabum.com.br/produto/113984/soundbar-gamer-husky-snow-4w-iluminacao-rgb-usb-p2-preta-hsb110pt,
"Teclado Gamer Logitech G PRO X TKL RAPID, Switches Magnético-analógicos, Modo Rapid Trigger, Layout US, Preto - 920-013131","R$ 1.481,16","R$ 1.189,90","10x de R$ 139,98",-5%,(9),,https://www.kabum.com.br/produto/703012/teclado-gamer-logitech-g-pro-x-tkl-rapid-switches-magnetico-analogicos-modo-rapid-trigger-layout-us-preto-920-013131,Restam 50 unid.
"Processador Intel Core i5-10400F, 2.9GHz (4.3GHz Max Turbo), Cache 12MB, 6 Núcleos, 12 Threads, LGA 1200 - BX8070110400F","R$ 1.022,72","R$ 649,99","10x de R$ 73,86",-27%,(434),CUPOM APPNINJA,https://www.kabum.com.br/produto/112991/processador-intel-core-i5-10400f-2-9ghz-4-3ghz-max-turbo-cache-12mb-6-nucleos-12-threads-lga-1200-bx8070110400f,
"Placa-Mãe Gigabyte B550M Aorus Elite Rev. 1.3, AMD AM4, Micro ATX, DDR4, Preto - B550M AORUS ELITE",,"R$ 809,99","10x de R$ 95,29",,(813),,https://www.kabum.com.br/produto/114781/placa-mae-gigabyte-b550m-aorus-elite-rev-1-3-amd-am4-micro-atx-ddr4-preto-b550m-aorus-elite,
"Robô Aspirador De Pó e Passa Pano KaBuM! Smart 100, Preto - KBSF007","R$ 777,67","R$ 499,90","10x de R$ 55,54",-28%,(319),Mega Maio,https://www.kabum.com.br/produto/191899/robo-aspirador-de-po-e-passa-pano-kabum-smart-100-preto-kbsf007,
"Aspirador de Pó e Passa Pano Vertical Sem Fio Wessen Clean Pro 300, 150W, 680ML, Aspira Água e Pó, Branco - WNAV300BR","R$ 2.221,11","R$ 999,90","10x de R$ 111,10",-49%,(6),Mega Maio,https://www.kabum.com.br/produto/506101/aspirador-de-po-e-passa-pano-vertical-sem-fio-wessen-clean-pro-300-150w-680ml-aspira-agua-e-po-branco-wnav300br,
"Aspirador de Pó e Passa Pano Vertical Sem Fio Wessen Clean Pro 300, 150W, 680ML, Aspira Água e Pó, Preto - WNAV300PT","R$ 2.221,11","R$ 999,90","10x de R$ 111,10",-49%,(5),CUPOM APPNINJA,https://www.kabum.com.br/produto/506102/aspirador-de-po-e-passa-pano-vertical-sem-fio-wessen-clean-pro-300-150w-680ml-aspira-agua-e-po-preto-wnav300pt,Restam 95 unid.
"PC Gamer Concórdia AMD Ryzen 3-3200G, RGB, 8GB DDR4, SSD 240GB, Linux, Preto - 31723","R$ 3.333,32","R$ 2.499,99","10x de R$ 277,77",-16%,(4),Mega Maio,https://www.kabum.com.br/produto/271866/pc-gamer-concordia-amd-ryzen-3-3200g-rgb-8gb-ddr4-ssd-240gb-linux-preto-31723,Restam 3 unid.
"Gabinete Gamer MSI MAG Forge M100A, Mid Tower, Lateral em Vidro, 4x FANs ARGB, M-ATX, Preto - M100A","R$ 505,76","R$ 379,99","10x de R$ 44,70",-11%,(6),Mega Maio,https://www.kabum.com.br/produto/376113/gabinete-gamer-msi-mag-forge-m100a-mid-tower-lateral-em-vidro-4x-fans-argb-m-atx-preto-m100a,Restam 49 unid.
"Processador AMD Ryzen 9 7950X, 5.7GHz Max Turbo, Cache 80MB, AM5, 16 Núcleos, Vídeo Integrado - 100-100000514WOF","R$ 6.930,15","R$ 3.369,99","10x de R$ 374,44",-45%,(14),,https://www.kabum.com.br/produto/378411/processador-amd-ryzen-9-7950x-5-7ghz-max-turbo-cache-80mb-am5-16-nucleos-video-integrado-100-100000514wof,Restam 15 unid.
"Headset Gamer Havit H2002D, Drivers 53mm, P3, XBOX ONE e PS4, Branco e Roxo -  HV-H2002WP","R$ 298,81","R$ 169,99","7x de R$ 28,57",-33%,(125),Mega Maio,https://www.kabum.com.br/produto/405788/headset-gamer-havit-h2002d-drivers-53mm-p3-xbox-one-e-ps4-branco-e-roxo-hv-h2002wp,
"Cadeira Gamer XT Racer Viking Series, Até 120Kg, Com Almofadas, Reclinável, Descanso de Braço 3D, Preto e Branco - XTR-021","R$ 1.294,00","R$ 989,99","10x de R$ 116,46",-9%,(4),Mega Maio,https://www.kabum.com.br/produto/415903/cadeira-gamer-xt-racer-viking-series-ate-120kg-com-almofadas-reclinavel-descanso-de-braco-3d-preto-e-branco-xtr-021,Restam 58 unid.
"Cadeira Gamer XT Racer Platinum W Series, Até 120kg, Com Almofadas, Reclinável, Descanso de Braço 3D, Rosa - XTR-069","R$ 1.682,24","R$ 1.349,90","10x de R$ 158,81",-5%,(2),,https://www.kabum.com.br/produto/387539/cadeira-gamer-xt-racer-platinum-w-series-ate-120kg-com-almofadas-reclinavel-descanso-de-braco-3d-rosa-xtr-069,Restam 7 unid.
"Cadeira Gamer XT Racer Viking Series, Até 120kg, Com Almofadas e Apoio de Pés, Reclinável, Descanso de Braço 3D, Preto e Vermelho - XTR-026","R$ 1.329,29","R$ 989,99","10x de R$ 116,46",-12%,(8),Mega Maio,https://www.kabum.com.br/produto/387541/cadeira-gamer-xt-racer-viking-series-ate-120kg-com-almofadas-e-apoio-de-pes-reclinavel-descanso-de-braco-3d-preto-e-vermelho-xtr-026,Restam 53 unid.
"Processador AMD Ryzen 9 7900X, 5.6GHz Max Turbo, Cache 76MB, AM5, 12 Núcleos, Vídeo Integrado - 100-100000589WOF","R$ 4.675,23","R$ 2.599,99","10x de R$ 288,88",-38%,(27),,https://www.kabum.com.br/produto/378412/processador-amd-ryzen-9-7900x-5-6ghz-max-turbo-cache-76mb-am5-12-nucleos-video-integrado-100-100000589wof,Restam 60 unid.
"Headset Gamer Sem Fio Corsair HS65, 7.1, Drive 50mm, Wireless, PC, PS4, PS5, Carbon - CA-9011285-NA2","R$ 999,99","R$ 749,99","10x de R$ 83,33",-16%,,,https://www.kabum.com.br/produto/593757/headset-gamer-sem-fio-corsair-hs65-7-1-drive-50mm-wireless-pc-ps4-ps5-carbon-ca-9011285-na2,Restam 16 unid.
Mouse Gamer HyperX Pulsefire Core RGB 6200 DPI - 4P4F8AA,"R$ 182,34","R$ 129,99","6x de R$ 25,48",-16%,(856),,https://www.kabum.com.br/produto/98696/mouse-gamer-hyperx-pulsefire-core-rgb-6200-dpi-4p4f8aa,
"Teclado Mecânico Gamer HyperX Alloy Origins Core, RGB, Switch HyperX Red, ABNT2 - 4P5P3A2#AC4","R$ 682,34","R$ 519,99","10x de R$ 61,17",-10%,(358),Mega Maio,https://www.kabum.com.br/produto/105009/teclado-mecanico-gamer-hyperx-alloy-origins-core-rgb-switch-hyperx-red-abnt2-4p5p3a2-ac4,
"Placa de Vídeo RTX 5000 Ada PNY NVIDIA Quadro , 32GB, GDDR6, 256bits - VCNRTX5000ADA-PB","R$ 34.883,71","R$ 28.999,90","10x de R$ 3372,08",-3%,,Mega Maio,https://www.kabum.com.br/produto/495965/placa-de-video-rtx-5000-ada-pny-nvidia-quadro-32gb-gddr6-256bits-vcnrtx5000ada-pb,Restam 3 unid.
"MacBook Pro Apple 16"", M4 Max, CPU 14 Núcleos, GPU 32 Núcleos, Neural Engine de 16 Núcleos, 36GB RAM, SSD 1TB, Preto-espacial - MX303BZ/A","R$ 34.444,43","R$ 29.999,99","10x de R$ 3333,33",-3%,(1),,https://www.kabum.com.br/produto/658780/macbook-pro-apple-16-m4-max-cpu-14-nucleos-gpu-32-nucleos-neural-engine-de-16-nucleos-36gb-ram-ssd-1tb-preto-espacial-mx303bz-a,Restam 3 unid.
"iMac Apple Tela Retina 24"" 4.5K, Chip M4, CPU 8 Núcleos, GPU 8 Núcleos, Neural Engine de 16 núcleos, 16GB RAM, SSD 256GB, Verde - MWUE3BZ/A",,"R$ 11.999,99","10x de R$ 1333,33",,,,https://www.kabum.com.br/produto/659219/imac-apple-tela-retina-24-4-5k-chip-m4-cpu-8-nucleos-gpu-8-nucleos-neural-engine-de-16-nucleos-16gb-ram-ssd-256gb-verde-mwue3bz-a,
"MacBook Pro Apple 16"", M4 Max, CPU 16 Núcleos, GPU 40 Núcleos, Neural Engine de 16 Núcleos, 48GB RAM, SSD 1TB, Preto-espacial - MX313BZ/A",,"R$ 34.999,99","10x de R$ 3888,88",,,,https://www.kabum.com.br/produto/658781/macbook-pro-apple-16-m4-max-cpu-16-nucleos-gpu-40-nucleos-neural-engine-de-16-nucleos-48gb-ram-ssd-1tb-preto-espacial-mx313bz-a,
"Jogo Death Stranding: Versão do Diretor, PS5",,"R$ 224,10","9x de R$ 27,66",,(11),,https://www.kabum.com.br/produto/213175/jogo-death-stranding-versao-do-diretor-ps5,
Jogo Red Dead Redemption 2 PS4,,"R$ 180,48","8x de R$ 25,06",,(109),,https://www.kabum.com.br/produto/98091/jogo-red-dead-redemption-2-ps4,
Jogo Marvel´s Spider-Man: Miles Morales PS5,,"R$ 224,10","9x de R$ 27,66",,(46),,https://www.kabum.com.br/produto/128369/jogo-marvel-s-spider-man-miles-morales-ps5,
Jogo Returnal PS5,,"R$ 269,90","10x de R$ 29,98",,(6),,https://www.kabum.com.br/produto/137397/jogo-returnal-ps5,
"Jogo Final Fantasy VII Rebirth, PS5 - SE000265PS5",,"R$ 332,54","10x de R$ 36,94",,(38),,https://www.kabum.com.br/produto/516093/jogo-final-fantasy-vii-rebirth-ps5-se000265ps5,
"Fonte Gamdias, 750W, 80 Plus Bronze, RGB - KRATOS M1-750B","R$ 874,00","R$ 699,90","10x de R$ 82,34",-5%,,,https://www.kabum.com.br/produto/128327/fonte-gamdias-750w-80-plus-bronze-rgb-kratos-m1-750b,Restam 5 unid.
"Mouse Sem Fio Gamer Logitech G PRO X Superlight, Lightspeed, 25000 DPI, 5 Botões, Branco - 910-005941","R$ 943,22","R$ 699,99","10x de R$ 82,35",-12%,(132),Mega Maio,https://www.kabum.com.br/produto/149990/mouse-sem-fio-gamer-logitech-g-pro-x-superlight-lightspeed-25000-dpi-5-botoes-branco-910-005941,Restam 44 unid.
"Teclado Mecânico Gamer Razer BlackWidow V3 Tenkeyless, Chroma Razer RGB, Switch Yellow, US - RZ03-03491800-R3M1","R$ 1.226,31","R$ 1.069,99","10x de R$ 112,63",-8%,,,https://www.kabum.com.br/produto/156354/teclado-mecanico-gamer-razer-blackwidow-v3-tenkeyless-chroma-razer-rgb-switch-yellow-us-rz03-03491800-r3m1,Restam 30 unid.
"Fechadura Digital KaBuM! Smart 500 - Biometria, Controle via aplicativo, Branco (com maçaneta) - KBSG002","R$ 602,11","R$ 459,90","10x de R$ 51,10",-15%,(29),Mega Maio,https://www.kabum.com.br/produto/242187/fechadura-digital-kabum-smart-500-biometria-controle-via-aplicativo-branco-com-macaneta-kbsg002,Restam 49 unid.
"Fechadura Digital KaBuM! Smart 500 - Biometria, controle via aplicativo, Alumínio Escovado (Com maçaneta) - KBSG004","R$ 602,11","R$ 459,90","10x de R$ 51,10",-15%,(39),Mega Maio,https://www.kabum.com.br/produto/242188/fechadura-digital-kabum-smart-500-biometria-controle-via-aplicativo-aluminio-escovado-com-macaneta-kbsg004,Restam 46 unid.
"Gabinete Gamer Rise Mode Galaxy Glass Sound, Mid Tower, RGB, LED, Lateral e Frontal em Vidro Temperado, Sem Fans, Branco - RM-GA-GGS-FW","R$ 823,52","R$ 449,99","10x de R$ 52,94",-35%,(90),Mega Maio,https://www.kabum.com.br/produto/386142/gabinete-gamer-rise-mode-galaxy-glass-sound-mid-tower-rgb-led-lateral-e-frontal-em-vidro-temperado-sem-fans-branco-rm-ga-ggs-fw,Restam 45 unid.
"Placa-Mãe Z790 MSI MAG Tomahawk Wi-Fi, Intel LGA 1700, ATX, DDR5, LED RGB, Preto - MAG Z790 TOMAHAWK WIFI","R$ 2.941,16","R$ 2.349,99","10x de R$ 276,46",-6%,(8),,https://www.kabum.com.br/produto/392596/placa-mae-z790-msi-mag-tomahawk-wi-fi-intel-lga-1700-atx-ddr5-led-rgb-preto-mag-z790-tomahawk-wifi,Restam 5 unid.
"SSD Externo Kingston XS2000, 4TB, USB 3.2 Gen 2x2, Portátil, Leitura: 2000 MB/s, Gravação: 2000 MB/s, Prata - SXS2000/4000G","R$ 2.989,40","R$ 2.499,99","10x de R$ 294,11",-1%,(5),,https://www.kabum.com.br/produto/430166/ssd-externo-kingston-xs2000-4tb-usb-3-2-gen-2x2-portatil-leitura-2000-mb-s-gravacao-2000-mb-s-prata-sxs2000-4000g,Restam 9 unid.
"iPad Mini Apple 6ª Geração, Tela 8.3"", 64GB, Chip A15 Bionic, Wi-Fi + Cellular, Câmera Traseira 12MP, Branco Estelar - MK8C3BZ/A","R$ 6.110,00","R$ 4.799,00","10x de R$ 533,22",-12%,,Mega Maio,https://www.kabum.com.br/produto/462936/ipad-mini-apple-6-geracao-tela-8-3-64gb-chip-a15-bionic-wi-fi-cellular-camera-traseira-12mp-branco-estelar-mk8c3bz-a,Restam 4 unid.
"PC Gamer Concórdia AMD Ryzen 7-5800X, 16GB RAM, GeForce RTX 4070, SSD 500GB, Linux, Branco - 40792",,"R$ 12.000,00","10x de R$ 1333,33",,,,https://www.kabum.com.br/produto/469013/pc-gamer-concordia-amd-ryzen-7-5800x-16gb-ram-geforce-rtx-4070-ssd-500gb-linux-branco-40792,
"Gabinete Galax Alpha White, Mid Tower, ATX, Frontal de Vidro, Branco - GLX-ALPHAW-2070","R$ 799,99","R$ 609,99","10x de R$ 71,76",-10%,(10),,https://www.kabum.com.br/produto/481300/gabinete-galax-alpha-white-mid-tower-atx-frontal-de-vidro-branco-glx-alphaw-2070,Restam 17 unid.
"Gabinete Galax Omega White, Mid Tower, ATX, Frontal de Vidro, Branco - GLX-OMEGAW-2068","R$ 958,81","R$ 599,99","10x de R$ 70,58",-26%,(1),,https://www.kabum.com.br/produto/481302/gabinete-galax-omega-white-mid-tower-atx-frontal-de-vidro-branco-glx-omegaw-2068,Restam 50 unid.
"Memoria RAM Para Notebook Rise Mode Value, 16GB, 3200MHZ, DDR4, CL22 - RM-D4-16G-3200VN","R$ 301,16","R$ 239,99","10x de R$ 28,23",-6%,(93),,https://www.kabum.com.br/produto/480402/memoria-ram-para-notebook-rise-mode-value-16gb-3200mhz-ddr4-cl22-rm-d4-16g-3200vn,
"Fonte Gamemax GX850 PRO, 850W, 80 Plus Gold, Modular, PFC Ativo, Com Cabo, Branco - GX850PWTPS18810BR","R$ 910,22","R$ 699,99","10x de R$ 79,54",-12%,(16),Mega Maio,https://www.kabum.com.br/produto/495998/fonte-gamemax-gx850-pro-850w-80-plus-gold-modular-pfc-ativo-com-cabo-branco-gx850pwtps18810br,Restam 33 unid.
"HD Interno WD Purple, 3TB, SATA, 3.5'- WD33PURZ",,"R$ 709,99","10x de R$ 83,52",,(1),,https://www.kabum.com.br/produto/497178/hd-interno-wd-purple-3tb-sata-3-5-wd33purz,
"Memória RAM Corsair Vengeance, 32GB (2X16GB), 6000MHz, DDR5, CL36, Preto - CMK32GX5M2E6000C36","R$ 1.077,77","R$ 799,99","10x de R$ 88,88",-17%,(23),,https://www.kabum.com.br/produto/506124/memoria-ram-corsair-vengeance-32gb-2x16gb-6000mhz-ddr5-cl36-preto-cmk32gx5m2e6000c36,
"Processador AMD Ryzen 5 5600GT, 3.6 GHz, (4.6GHz Max Turbo), Cache 4MB, 6 Núcleos, 12 Threads, AM4 - 100-100001488BOX","R$ 1.335,52","R$ 899,99","10x de R$ 99,99",-25%,(467),Mega Maio,https://www.kabum.com.br/produto/520368/processador-amd-ryzen-5-5600gt-3-6-ghz-4-6ghz-max-turbo-cache-4mb-6-nucleos-12-threads-am4-100-100001488box,
"Teclado Gamer Optico Razer Huntsman V3 Pro, Chroma RGB Razer, Anti-Ghosting, US - RZ0304970200","R$ 3.333,32","R$ 2.699,99","10x de R$ 299,99",-9%,(2),Mega Maio,https://www.kabum.com.br/produto/572738/teclado-gamer-optico-razer-huntsman-v3-pro-chroma-rgb-razer-anti-ghosting-us-rz0304970200,Restam 22 unid.
"Caixa de Som Harman Kardon GO+PLAY 3, Bluetooth, USB, 160W RMS, Preto - HKGOPLAY3BLKBR","R$ 1.549,00","R$ 1.379,00","10x de R$ 145,15",-6%,(2),CUPOM APPNINJA,https://www.kabum.com.br/produto/545883/caixa-de-som-harman-kardon-go-play-3-bluetooth-usb-160w-rms-preto-hkgoplay3blkbr,Restam 32 unid.
"iPad Air Apple, Tela 13"", 1TB, Chip M2, Wi-Fi, Câmera Traseira 12MP, iPadOS 17, Azul - MV2Q3BZ/A","R$ 13.887,78","R$ 8.699,00","10x de R$ 966,55",-30%,,Mega Maio,https://www.kabum.com.br/produto/581306/ipad-air-apple-tela-13-1tb-chip-m2-wi-fi-camera-traseira-12mp-ipados-17-azul-mv2q3bz-a,Restam 8 unid.
"iPad Air Apple, Tela 13"", 1TB, Chip M2, Wi-Fi, Câmera Traseira 12MP, iPadOS 17, Estelar - MV2R3BZ/A","R$ 13.887,78","R$ 8.699,00","10x de R$ 966,55",-30%,,Mega Maio,https://www.kabum.com.br/produto/581307/ipad-air-apple-tela-13-1tb-chip-m2-wi-fi-camera-traseira-12mp-ipados-17-estelar-mv2r3bz-a,Restam 6 unid.
"iPad Air Apple, Tela 13"", 512GB, Chip M2, Wi-Fi + Cellular, Câmera Traseira 12MP, iPadOS 17, Azul - MV713BZ/A","R$ 12.443,33","R$ 7.799,00","10x de R$ 866,55",-30%,,Mega Maio,https://www.kabum.com.br/produto/581318/ipad-air-apple-tela-13-512gb-chip-m2-wi-fi-cellular-camera-traseira-12mp-ipados-17-azul-mv713bz-a,Restam 7 unid.
"iPad Air Apple, Tela 13"", 1TB, Chip M2, Wi-Fi + Cellular, Câmera Traseira 12MP, iPadOS 17, Estelar - MV763BZ/A","R$ 14.998,89","R$ 8.999,00","10x de R$ 999,88",-33%,,Mega Maio,https://www.kabum.com.br/produto/581323/ipad-air-apple-tela-13-1tb-chip-m2-wi-fi-cellular-camera-traseira-12mp-ipados-17-estelar-mv763bz-a,Restam 7 unid.
"iPad Air Apple, Tela 13"", 1TB, Chip M2, Wi-Fi + Cellular, Câmera Traseira 12MP, iPadOS 17, Roxo - MV773BZ/A","R$ 16.110,00","R$ 9.499,00","10x de R$ 1055,44",-34%,,Mega Maio,https://www.kabum.com.br/produto/581324/ipad-air-apple-tela-13-1tb-chip-m2-wi-fi-cellular-camera-traseira-12mp-ipados-17-roxo-mv773bz-a,Restam 10 unid.
"Headset Gamer Sem Fio Corsair HS65 Wireless, Dolby 7.1 Surround, USB Tipo-C, Wireless e Bluetooth, V2, Branco - CA-9011286-NA2","R$ 1.088,88","R$ 749,99","10x de R$ 83,33",-23%,(1),,https://www.kabum.com.br/produto/593758/headset-gamer-sem-fio-corsair-hs65-wireless-dolby-7-1-surround-usb-tipo-c-wireless-e-bluetooth-v2-branco-ca-9011286-na2,Restam 13 unid.
"Jogo Astro Bot, PS5 - 1000044301",,"R$ 269,10","10x de R$ 29,90",,(42),,https://www.kabum.com.br/produto/609663/jogo-astro-bot-ps5-1000044301,
"Jogo Star Wars Outlaws, PS5 - UB000076PS5",,"R$ 332,91","10x de R$ 36,98",,(21),,https://www.kabum.com.br/produto/617744/jogo-star-wars-outlaws-ps5-ub000076ps5,
"Headset Gamer Fallen Pantera Pro V2, Driver 58mm, 3.5mm, Preto - HE-FN-PA-PR-V2-PR","R$ 777,77","R$ 449,99","10x de R$ 49,99",-35%,(6),,https://www.kabum.com.br/produto/618829/headset-gamer-fallen-pantera-pro-v2-driver-58mm-3-5mm-preto-he-fn-pa-pr-v2-pr,Restam 50 unid.
"Teclado Mecânico Gamer Redragon Ryzer, RGB, Switch Brown, ABNT2, Layout 60%, Bege, Preto e Laranja - K633CGO-RGB (PT-BROWN)","R$ 458,81","R$ 229,99","10x de R$ 27,05",-41%,(21),,https://www.kabum.com.br/produto/620545/teclado-mecanico-gamer-redragon-ryzer-rgb-switch-brown-abnt2-layout-60-bege-preto-e-laranja-k633cgo-rgb-pt-brown-,Restam 41 unid.
"Water cooler Tryx Panorama AIO, ARGB, 240mm, Preto - L-P240A-AS2M-G0K",,"R$ 2.205,99","10x de R$ 245,11",,,Mega Maio,https://www.kabum.com.br/produto/640742/water-cooler-tryx-panorama-aio-argb-240mm-preto-l-p240a-as2m-g0k,
"iPad Pro Apple, Tela 13"", 2TB, Chip M4, Wi-Fi + Cellular, Câmera Traseira 12MP, iPadOS 17, Tela Nano-texture, Preto Especial - MWT13BZ/A",,"R$ 29.999,00","10x de R$ 3333,22",,,,https://www.kabum.com.br/produto/581359/ipad-pro-apple-tela-13-2tb-chip-m4-wi-fi-cellular-camera-traseira-12mp-ipados-17-tela-nano-texture-preto-especial-mwt13bz-a,
"Mouse Gamer Sem Fio Redragon Storm Pro, RGB, 16000 DPI, 8 Botões, Wireless, Preto - M808-KS","R$ 235,28","R$ 167,99","7x de R$ 28,23",-15%,(139),Mega Maio,https://www.kabum.com.br/produto/523248/mouse-gamer-sem-fio-redragon-storm-pro-rgb-16000-dpi-8-botoes-wireless-preto-m808-ks,Restam 91 unid.
"Mouse sem fio Logitech M280 com Conexão USB e Pilha Inclusa, Cinza - 910-004285","R$ 122,21","R$ 99,99","4x de R$ 27,77",-9%,(70),,https://www.kabum.com.br/produto/61411/mouse-sem-fio-logitech-m280-com-conexao-usb-e-pilha-inclusa-cinza-910-004285,Restam 59 unid.
"Jogo Elden Ring Nightreign, PS5",,"R$ 179,10","7x de R$ 28,42",,,,https://www.kabum.com.br/produto/777120/jogo-elden-ring-nightreign-ps5,
"Jogo Elden Ring Nightreign DELUXE, PS5",,"R$ 287,91","10x de R$ 31,99",,,,https://www.kabum.com.br/produto/778122/jogo-elden-ring-nightreign-deluxe-ps5,
"Jogo Ghost of Yõtei, PS5",,"R$ 359,91","10x de R$ 39,98",,,,https://www.kabum.com.br/produto/780262/jogo-ghost-of-yotei-ps5,
"Headset com fio Logitech H111 com Microfone com Redução de Ruído e Conexão 3,5mm - 981-000612","R$ 117,64","R$ 93,99","4x de R$ 27,64",-6%,(40),,https://www.kabum.com.br/produto/71415/headset-com-fio-logitech-h111-com-microfone-com-reducao-de-ruido-e-conexao-3-5mm-981-000612,Restam 75 unid.
"Fone de Ouvido AKG K92, Profissional, Preto e Dourado - 64726","R$ 473,67","R$ 331,55","10x de R$ 34,90",-26%,(124),Mega Maio,https://www.kabum.com.br/produto/94582/fone-de-ouvido-akg-k92-profissional-preto-e-dourado-64726,Restam 85 unid.
"Mouse sem fio Logitech MX Vertical Design Ergonômico para Redução de Tensão Muscular, USB Unifying ou Bluetooth, Recarregável - 910-005449",,"R$ 489,99","10x de R$ 53,26",,(57),,https://www.kabum.com.br/produto/98243/mouse-sem-fio-logitech-mx-vertical-design-ergonomico-para-reducao-de-tensao-muscular-usb-unifying-ou-bluetooth-recarregavel-910-005449,
"Fone de Ouvido JBL Tune, 3.5mm, Preto - JBLT500BLK","R$ 188,42","R$ 132,05","5x de R$ 27,80",-26%,(53),Mega Maio,https://www.kabum.com.br/produto/100963/fone-de-ouvido-jbl-tune-3-5mm-preto-jblt500blk,Restam 36 unid.
"Climatizador de Ar Philco PCL1F, Multi Funções, 220V - 56252013","R$ 666,56","R$ 499,90","10x de R$ 55,54",-16%,(3),Mega Maio,https://www.kabum.com.br/produto/104810/climatizador-de-ar-philco-pcl1f-multi-funcoes-220v-56252013,
"Suporte de Mesa Articulado para Monitores de 17"" a 35"", ELG, Ajuste de altura com Pistão a Gás - F80N","R$ 306,81","R$ 199,99","9x de R$ 25,25",-25%,(488),Mega Maio,https://www.kabum.com.br/produto/107363/suporte-de-mesa-articulado-para-monitores-de-17-a-35-elg-ajuste-de-altura-com-pistao-a-gas-f80n,Restam 21 unid.
"Headset Multi Pro, USB, Preto/Cinza - PH317","R$ 176,46","R$ 139,99","6x de R$ 27,44",-6%,(11),,https://www.kabum.com.br/produto/111848/headset-multi-pro-usb-preto-cinza-ph317,Restam 98 unid.
"Cadeira DT3 Office Maya, Até 120kg, Descanso de Braço 2D, Cilindro Classe 4, Grey - 11733-5","R$ 1.157,79","R$ 979,90","10x de R$ 103,14",-10%,(7),,https://www.kabum.com.br/produto/112148/cadeira-dt3-office-maya-ate-120kg-descanso-de-braco-2d-cilindro-classe-4-grey-11733-5,Restam 12 unid.
"Toca Discos Audio-Technica, Acionamento Direto, Analógico e Digital, USB, Bivolt, Plug Tipo C, Preto - AT-LP120XUSB-BK","R$ 5.260,37","R$ 3.999,00","10x de R$ 399,90",-23%,(14),Mega Maio,https://www.kabum.com.br/produto/114437/toca-discos-audio-technica-acionamento-direto-analogico-e-digital-usb-bivolt-plug-tipo-c-preto-at-lp120xusb-bk,Restam 9 unid.
"Microfone Condensador Audio-Technica, Cardióide, XLRM de 3 pinos - AT2020","R$ 946,32","R$ 816,05","10x de R$ 85,90",-9%,(17),Mega Maio,https://www.kabum.com.br/produto/114795/microfone-condensador-audio-technica-cardioide-xlrm-de-3-pinos-at2020,Restam 45 unid.
"Suporte Elgato Wave Shock Mount, Suspensão Antivibração de Microfone - 10MAE9901","R$ 470,58","R$ 349,99","10x de R$ 41,17",-12%,(1),,https://www.kabum.com.br/produto/130898/suporte-elgato-wave-shock-mount-suspensao-antivibracao-de-microfone-10mae9901,Restam 5 unid.
"Fechadura Eletrônica Digital AGL H11 Bluetooth, Visor Digital, Biometria, Chave Mecânica, Gerenciamento via Aplicativo - 1106128","R$ 1.111,00","R$ 799,90","10x de R$ 88,87",-20%,(1),Mega Maio,https://www.kabum.com.br/produto/165776/fechadura-eletronica-digital-agl-h11-bluetooth-visor-digital-biometria-chave-mecanica-gerenciamento-via-aplicativo-1106128,Restam 13 unid.
Kaspersky Small Office Security 10 usuários + 10 PCs + 10 mobile 1 ano ESD - Digital para Download,"R$ 873,67","R$ 799,99","10x de R$ 84,20",-3%,(5),,https://www.kabum.com.br/produto/170068/kaspersky-small-office-security-10-usuarios-10-pcs-10-mobile-1-ano-esd-digital-para-download,Restam 9 unid.
"Kaspersky Small Office Security 50 usuários 100 dispositivos + 5 Server - 3 anos, Digital Para Download - KL4541KDQTS","R$ 4.421,04","R$ 3.499,99","10x de R$ 368,41",-16%,,,https://www.kabum.com.br/produto/176131/kaspersky-small-office-security-50-usuarios-100-dispositivos-5-server-3-anos-digital-para-download-kl4541kdqts,Restam 5 unid.
"Projetor Epson Powerlite E20 3LCD, XGA, 3.400 Lumens, Conexão HDMI, Bivolt - V11H981020","R$ 4.526,31","R$ 3.549,99","10x de R$ 373,68",-17%,(11),Mega Maio,https://www.kabum.com.br/produto/185230/projetor-epson-powerlite-e20-3lcd-xga-3-400-lumens-conexao-hdmi-bivolt-v11h981020,
"Ar Condicionado Portátil Philco PAC12000F5, 127V, 3 Velocidades, Display Digital, Branco - 56651084","R$ 3.666,66","R$ 2.649,90","10x de R$ 294,43",-19%,(9),CUPOM APPNINJA,https://www.kabum.com.br/produto/211001/ar-condicionado-portatil-philco-pac12000f5-127v-3-velocidades-display-digital-branco-56651084,
"Ar Condicionado Portátil Philco PAC12000F5, 220V, 3 Velocidades, Display Digital, Branco - 56652084","R$ 3.333,22","R$ 2.649,90","10x de R$ 294,43",-11%,(13),Mega Maio,https://www.kabum.com.br/produto/211002/ar-condicionado-portatil-philco-pac12000f5-220v-3-velocidades-display-digital-branco-56652084,
"Fone de Ouvido Audio-Technica SonicPro Over Ear, Drivers 53mm, Preto - ATH-AVC400","R$ 739,02","R$ 579,00","10x de R$ 64,33",-12%,(3),Mega Maio,https://www.kabum.com.br/produto/222157/fone-de-ouvido-audio-technica-sonicpro-over-ear-drivers-53mm-preto-ath-avc400,Restam 4 unid.
"Impressora Multifuncional HP E42540F, Laser, Mono, USB, Visor LCD, 110V, Branco - 3PZ75A#696","R$ 4.419,18","R$ 2.999,99","10x de R$ 340,90",-22%,,,https://www.kabum.com.br/produto/240303/impressora-multifuncional-hp-e42540f-laser-mono-usb-visor-lcd-110v-branco-3pz75a-696,
Microsoft Office Home & Business 2021 ESD - Digital para Download - T5D-03487,"R$ 1.684,20","R$ 1.499,99","10x de R$ 157,89",-6%,(5),,https://www.kabum.com.br/produto/255267/microsoft-office-home-business-2021-esd-digital-para-download-t5d-03487,Restam 59 unid.
"Teclado Sem Fio Logitech MX Keys Mini, Iluminação Smart, Bluetooth, USB, Easy-Switch, Recarregável, Grafite - 920-010505","R$ 929,40","R$ 749,90","10x de R$ 88,22",-5%,(24),,https://www.kabum.com.br/produto/275871/teclado-sem-fio-logitech-mx-keys-mini-iluminacao-smart-bluetooth-usb-easy-switch-recarregavel-grafite-920-010505,Restam 15 unid.
"Fone de Ouvido Sem Fio Edifier W600BT, Bluetooth 5.1, USB-C, P2, Drivers 40mm, Cinza - W600BT-DKGREY","R$ 262,11","R$ 198,99","8x de R$ 26,18",-20%,(28),Mega Maio,https://www.kabum.com.br/produto/316210/fone-de-ouvido-sem-fio-edifier-w600bt-bluetooth-5-1-usb-c-p2-drivers-40mm-cinza-w600bt-dkgrey,Restam 14 unid.
"Fonte ASUS ROG Thor 1200P2, 1200W, 80 Plus Platinum, Modular, PFC Ativo, Sem Cabo, Preto - 90YE00L0-B0BA00","R$ 2.917,64","R$ 2.399,99","10x de R$ 282,35",-3%,(31),CUPOM APPNINJA,https://www.kabum.com.br/produto/347227/fonte-asus-rog-thor-1200p2-1200w-80-plus-platinum-modular-pfc-ativo-sem-cabo-preto-90ye00l0-b0ba00,Restam 94 unid.
"Suporte para 2 Monitores Octoo ClipWay 2, VESA 75 A 100mm, Com Regulagem de Altura, Preto - 7162","R$ 465,90","R$ 279,99","10x de R$ 31,81",-31%,,Mega Maio,https://www.kabum.com.br/produto/347550/suporte-para-2-monitores-octoo-clipway-2-vesa-75-a-100mm-com-regulagem-de-altura-preto-7162,Restam 7 unid.
"Impressora 3D Creality Ender-3 S1, CR Touch, Preto - 1001020390","R$ 3.157,88","R$ 2.199,99","10x de R$ 231,57",-26%,(17),Mega Maio,https://www.kabum.com.br/produto/350664/impressora-3d-creality-ender-3-s1-cr-touch-preto-1001020390,Restam 30 unid.
"Headset Gamer Corsair HS80 Premium, RGB, Surround, Dolby 7.1, Drivers 50mm, Preto - CA-9011237-NA","R$ 964,69","R$ 579,99","10x de R$ 68,23",-29%,(3),Mega Maio,https://www.kabum.com.br/produto/355914/headset-gamer-corsair-hs80-premium-rgb-surround-dolby-7-1-drivers-50mm-preto-ca-9011237-na,Restam 8 unid.
"Impressora HP Laser Pro 4003DW Mono, Wifi, Bluetooth, Ethernet, USB, Branco - 2Z610A_696","R$ 2.555,54","R$ 1.888,88","10x de R$ 209,87",-17%,(9),Mega Maio,https://www.kabum.com.br/produto/357663/impressora-hp-laser-pro-4003dw-mono-wifi-bluetooth-ethernet-usb-branco-2z610a_696,Restam 18 unid.
"Robô Aspirador 2 em 1 Samsung Powerbot-E VR5000RM, Aspira e Passa Pano, Wi-Fi, App Smart Things, Preto - VR05R5050WK/AZ","R$ 3.555,44","R$ 1.399,90","10x de R$ 155,54",-56%,(16),Mega Maio,https://www.kabum.com.br/produto/369840/robo-aspirador-2-em-1-samsung-powerbot-e-vr5000rm-aspira-e-passa-pano-wi-fi-app-smart-things-preto-vr05r5050wk-az,
"Nobreak UPS XPro Professional Ts Shara Universal, 1800VA, Saída Bivolt, 2 Baterias Internas, Entrada Bivolt - 4537",,"R$ 1.399,90","10x de R$ 155,54",,,,https://www.kabum.com.br/produto/394014/nobreak-ups-xpro-professional-ts-shara-universal-1800va-saida-bivolt-2-baterias-internas-entrada-bivolt-4537,
"Placa-Mãe Gigabyte Z790 Aorus Elite AX, LGA 1700, ATX, DDR5, Wi-Fi, Preto - Z790 AORUS ELITE AX","R$ 2.870,58","R$ 2.299,99","10x de R$ 270,58",-5%,(3),,https://www.kabum.com.br/produto/395136/placa-mae-gigabyte-z790-aorus-elite-ax-lga-1700-atx-ddr5-wi-fi-preto-z790-aorus-elite-ax,Restam 33 unid.
"Impressora Fotográfica Epson EcoTank L8050, Colorida, Wi-Fi, USB, Preto - C11CK37302","R$ 4.444,43","R$ 2.779,99","10x de R$ 308,88",-30%,(3),Mega Maio,https://www.kabum.com.br/produto/415840/impressora-fotografica-epson-ecotank-l8050-colorida-wi-fi-usb-preto-c11ck37302,Restam 44 unid.
"Microfone com Fio Dinâmico JBL PBM100 Wired Microphone, Preto - JBLPBM100BLK","R$ 304,21","R$ 217,55","9x de R$ 25,44",-24%,(1),Mega Maio,https://www.kabum.com.br/produto/416815/microfone-com-fio-dinamico-jbl-pbm100-wired-microphone-preto-jblpbm100blk,Restam 47 unid.
"Placa-Mãe ASRock B760M-HDV/M.2 D4, Intel, Micro ATX, DDR4, Preto - 90-MXBL4*","R$ 988,22","R$ 789,99","10x de R$ 92,94",-5%,(2),,https://www.kabum.com.br/produto/422921/placa-mae-asrock-b760m-hdv-m-2-d4-intel-micro-atx-ddr4-preto-90-mxbl4-,Restam 12 unid.
"Placa-Mãe ASUS Tuf Gaming Z790-Plus D4, Intel, ATX, DDR4, Preto - 90MB1CQ0-M0EAY0","R$ 2.752,93","R$ 2.199,99","10x de R$ 258,82",-5%,(2),,https://www.kabum.com.br/produto/427123/placa-mae-asus-tuf-gaming-z790-plus-d4-intel-atx-ddr4-preto-90mb1cq0-m0eay0,Restam 5 unid.
"Placa-Mãe ASUS Proart B760-Creator D4, Intel, ATX, DDR5, Preto - 90MB1F20-M1EAY0","R$ 2.383,77","R$ 1.978,99","10x de R$ 224,88",-5%,(1),,https://www.kabum.com.br/produto/427132/placa-mae-asus-proart-b760-creator-d4-intel-atx-ddr5-preto-90mb1f20-m1eay0,Restam 5 unid.
"Robô Aspirador de Pó Electrolux Home-E Control Experience, Passa Pano, Controle Remoto, Sensor Anti-Queda, Bivolt, Cinza - ERB20","R$ 866,56","R$ 689,90","10x de R$ 76,65",-11%,,Mega Maio,https://www.kabum.com.br/produto/448185/robo-aspirador-de-po-electrolux-home-e-control-experience-passa-pano-controle-remoto-sensor-anti-queda-bivolt-cinza-erb20,Restam 4 unid.
"Robô Aspirador de Pó Electrolux Home-E Power Experience, Passa Pano, Controle Remoto, Sensor Anti-Queda, Bivolt, Cinza - ERB30","R$ 1.294,00","R$ 879,90","10x de R$ 103,51",-20%,(1),Mega Maio,https://www.kabum.com.br/produto/448186/robo-aspirador-de-po-electrolux-home-e-power-experience-passa-pano-controle-remoto-sensor-anti-queda-bivolt-cinza-erb30,Restam 5 unid.
"Controladora DJ Hercules DJControl Inpulse 300 MK2, 8 Pads, Preto - 4780944","R$ 2.998,89","R$ 2.499,99","10x de R$ 277,77",-7%,(5),Mega Maio,https://www.kabum.com.br/produto/450243/controladora-dj-hercules-djcontrol-inpulse-300-mk2-8-pads-preto-4780944,Restam 3 unid.
"SSD Corsair MP600 PRO LPX, 1TB, PCIe Gen 4.0 x4 NVMe M.2, Leitura: 7100MB/s e Gravação: 5800MB/s, Branco - CSSD-F1000GBMP600PLPW","R$ 1.008,22","R$ 799,99","10x de R$ 94,11",-6%,(11),,https://www.kabum.com.br/produto/454660/ssd-corsair-mp600-pro-lpx-1tb-pcie-gen-4-0-x4-nvme-m-2-leitura-7100mb-s-e-gravacao-5800mb-s-branco-cssd-f1000gbmp600plpw,Restam 16 unid.
"Placa-Mãe ASUS ROG STRIX B760-G GAMING WIFI, Intel, mATX, DDR5, Wi-Fi, Bluetooth, Preto - 90MB1EQ0-M0EAY0","R$ 2.317,64","R$ 1.849,99","10x de R$ 217,64",-6%,(6),,https://www.kabum.com.br/produto/461374/placa-mae-asus-rog-strix-b760-g-gaming-wifi-intel-matx-ddr5-wi-fi-bluetooth-preto-90mb1eq0-m0eay0,Restam 20 unid.
"Suporte para Monitor Vinik SM420C 14 a 32, VESA - 152839","R$ 157,88","R$ 129,99","5x de R$ 27,36",-13%,(6),,https://www.kabum.com.br/produto/464394/suporte-para-monitor-vinik-sm420c-14-a-32-vesa-152839,Restam 20 unid.
"Nobreak APC Back-UPS, 2200VA, 7x Tomadas de Saída, Gerenciamento USB, Monovolt 220V - BX2200I-BR",,"R$ 1.539,90","10x de R$ 171,10",,(1),,https://www.kabum.com.br/produto/464948/nobreak-apc-back-ups-2200va-7x-tomadas-de-saida-gerenciamento-usb-monovolt-220v-bx2200i-br,
"Cadeira Office DT3 Vicenza Dark, Até 120Kg, Ajsute de Ângulo, Cinza - 13890-1","R$ 1.210,42","R$ 1.049,90","10x de R$ 110,51",-8%,(4),,https://www.kabum.com.br/produto/470038/cadeira-office-dt3-vicenza-dark-ate-120kg-ajsute-de-angulo-cinza-13890-1,Restam 12 unid.
"Cadeira Rise Mode Office 05, Até 100Kg, Tela Mesh, Preto - RM-CO-05-BK","R$ 820,95","R$ 679,90","10x de R$ 71,56",-12%,(6),,https://www.kabum.com.br/produto/472414/cadeira-rise-mode-office-05-ate-100kg-tela-mesh-preto-rm-co-05-bk,
"Placa-Mãe Gigabyte A620M DS3H, AMD AM5, mATX, DDR5, RGB, Preto - A620M DS3H","R$ 957,28","R$ 879,99","10x de R$ 91,66",-4%,(5),Mega Maio,https://www.kabum.com.br/produto/475265/placa-mae-gigabyte-a620m-ds3h-amd-am5-matx-ddr5-rgb-preto-a620m-ds3h,Restam 46 unid.
"Gabinete Gamer Lian Li V3000PX, Full Tower, RGB, E-ATX, Lateral em Vidro Temperado, Preto - V3000PX","R$ 4.473,67","R$ 3.799,99","10x de R$ 399,99",-10%,,,https://www.kabum.com.br/produto/477528/gabinete-gamer-lian-li-v3000px-full-tower-rgb-e-atx-lateral-em-vidro-temperado-preto-v3000px,Restam 2 unid.
Mesa Multivisão para Notebook NT-HOME Preto - 34219,"R$ 152,93","R$ 109,99","5x de R$ 25,88",-15%,(108),Mega Maio,https://www.kabum.com.br/produto/24340/mesa-multivisao-para-notebook-nt-home-preto-34219,Restam 26 unid.
"Impressora 3D Creality K1, Velocidade máxima de 600mm/s - 1201010168","R$ 4.421,04","R$ 3.666,67","10x de R$ 385,96",-12%,(11),Mega Maio,https://www.kabum.com.br/produto/478223/impressora-3d-creality-k1-velocidade-maxima-de-600mm-s-1201010168,Restam 19 unid.
"Impressora 3D Creality K1 Max,  Velocidade Máxima 600mm/s - 1202080002",,"R$ 7.149,00","10x de R$ 794,33",,(9),,https://www.kabum.com.br/produto/495704/impressora-3d-creality-k1-max-velocidade-maxima-600mm-s-1202080002,
"Fone de Ouvido Edifier TWS W110T Bluetooth, IP54, Preto","R$ 188,42","R$ 154,99","6x de R$ 27,19",-13%,(20),Mega Maio,https://www.kabum.com.br/produto/498886/fone-de-ouvido-edifier-tws-w110t-bluetooth-ip54-preto,Restam 10 unid.
"Maquina de corte inteligente Cricut Joy, Compatível com 50 Materiais, Branco - 2007992","R$ 1.599,99","R$ 1.399,00","10x de R$ 139,90",-12%,,,https://www.kabum.com.br/produto/508278/maquina-de-corte-inteligente-cricut-joy-compativel-com-50-materiais-branco-2007992,Restam 28 unid.
"Maquina de corte inteligente Cricut Explore Air 2, Força de Corte 400GF, Compatível com 100 tipos de Materiais, Verde Menta - 2007000","R$ 2.099,00","R$ 1.799,99","10x de R$ 179,99",-14%,(1),Mega Maio,https://www.kabum.com.br/produto/508279/maquina-de-corte-inteligente-cricut-explore-air-2-forca-de-corte-400gf-compativel-com-100-tipos-de-materiais-verde-menta-2007000,Restam 60 unid.
"Gabinete Gamer Sharkoon Rebel C50 RGB, Mid Tower, ATX, Lateral em Vidro Temperado, 4x Cooler Fan ARGB, Branco - C50 RGB","R$ 764,69","R$ 529,99","10x de R$ 62,35",-18%,,,https://www.kabum.com.br/produto/508862/gabinete-gamer-sharkoon-rebel-c50-rgb-mid-tower-atx-lateral-em-vidro-temperado-4x-cooler-fan-argb-branco-c50-rgb,Restam 3 unid.
"Climatizador de Ar Britânia BCL05FI, 3.2L, Com Ionizador, 127V, Branco - 66251014",,"R$ 386,10","10x de R$ 42,90",,(4),,https://www.kabum.com.br/produto/510407/climatizador-de-ar-britania-bcl05fi-3-2l-com-ionizador-127v-branco-66251014,
"Gabinete Gamer Rise Mode Z4, Mid Tower, ATX, Lateral em Vidro Temperado, Preto - RM-Z4-04-FB","R$ 741,16","R$ 469,99","10x de R$ 55,29",-25%,(7),Mega Maio,https://www.kabum.com.br/produto/510869/gabinete-gamer-rise-mode-z4-mid-tower-atx-lateral-em-vidro-temperado-preto-rm-z4-04-fb,Restam 9 unid.
"Gabinete Gamer Rise Mode Z4, Mid Tower, ATX, Lateral em Vidro Temperado, Branco - RM-Z4-04-FW","R$ 741,16","R$ 489,99","10x de R$ 57,64",-22%,(9),Mega Maio,https://www.kabum.com.br/produto/510870/gabinete-gamer-rise-mode-z4-mid-tower-atx-lateral-em-vidro-temperado-branco-rm-z4-04-fw,Restam 11 unid.
"Fonte XPG Core Reactor II VE, 650W, 80 Plus Gold, Modular, PFC Ativo, Preto - 75261414","R$ 764,69","R$ 599,99","10x de R$ 70,58",-7%,(11),,https://www.kabum.com.br/produto/514894/fonte-xpg-core-reactor-ii-ve-650w-80-plus-gold-modular-pfc-ativo-preto-75261414,Restam 65 unid.
"Fonte XPG Core Reactor II VE, 750W, 80 Plus Gold, Modular, PFC Ativo, Preto - 75261425","R$ 997,64","R$ 799,99","10x de R$ 94,11",-5%,(20),,https://www.kabum.com.br/produto/514895/fonte-xpg-core-reactor-ii-ve-750w-80-plus-gold-modular-pfc-ativo-preto-75261425,Restam 44 unid.
"Fonte XPG Core Reactor II VE, 850W, 80 Plus Gold, Modular, PFC Ativo, Preto - 75261436",,"R$ 953,99","10x de R$ 112,23",,(34),,https://www.kabum.com.br/produto/514896/fonte-xpg-core-reactor-ii-ve-850w-80-plus-gold-modular-pfc-ativo-preto-75261436,
"Fonte XPG Core Reactor II 850G-BKCBR, 850W, 80 Plus Gold, Modular, PFC Ativo, Com Cabo, Preto - 75261198","R$ 1.023,52","R$ 799,99","10x de R$ 94,11",-8%,(49),,https://www.kabum.com.br/produto/514899/fonte-xpg-core-reactor-ii-850g-bkcbr-850w-80-plus-gold-modular-pfc-ativo-com-cabo-preto-75261198,Restam 70 unid.
"Cadeira Office DT3 Yura, Até 120kg, Apoio de Braço 3D, Cinza  - 14042-1","R$ 1.999,89","R$ 1.799,99","10x de R$ 189,47",-5%,,,https://www.kabum.com.br/produto/516111/cadeira-office-dt3-yura-ate-120kg-apoio-de-braco-3d-cinza-14042-1,Restam 10 unid.
"Gabinete Gamer Corsair 6500X, Mid-Tower, E-ATX, Frente e Lateral em Vidro Temperado, Branco - CC-9011258-WW","R$ 1.764,69","R$ 949,99","10x de R$ 111,76",-36%,(3),Mega Maio,https://www.kabum.com.br/produto/516132/gabinete-gamer-corsair-6500x-mid-tower-e-atx-frente-e-lateral-em-vidro-temperado-branco-cc-9011258-ww,Restam 38 unid.
"Gabinete Gamer Corsair 6500D, Mid-Tower, E-ATX, Lateral em Vidro Temperado, Preto - CC-9011259-WW","R$ 1.647,72","R$ 949,99","10x de R$ 107,95",-34%,(2),Mega Maio,https://www.kabum.com.br/produto/516133/gabinete-gamer-corsair-6500d-mid-tower-e-atx-lateral-em-vidro-temperado-preto-cc-9011259-ww,Restam 11 unid.
"Gabinete Gamer Corsair 6500D, Mid-Tower, E-ATX, Frente e Lateral em Vidro Temperado, Branco - CC-9011260-WW","R$ 1.647,05","R$ 899,99","10x de R$ 105,88",-35%,,Mega Maio,https://www.kabum.com.br/produto/516134/gabinete-gamer-corsair-6500d-mid-tower-e-atx-frente-e-lateral-em-vidro-temperado-branco-cc-9011260-ww,Restam 49 unid.
"Gabinete Gamer Corsair 2500D, Mini-Tower, M-ATX, Lateral em Vidro Temperado, Preto - CC-9011263-WW","R$ 1.176,46","R$ 699,99","10x de R$ 82,35",-30%,(2),Mega Maio,https://www.kabum.com.br/produto/516135/gabinete-gamer-corsair-2500d-mini-tower-m-atx-lateral-em-vidro-temperado-preto-cc-9011263-ww,Restam 40 unid.
"Gabinete Gamer Corsair 2500D, Mini-Tower, M-ATX, Lateral em Vidro Temperado, Branco - CC-9011264-WW","R$ 1.305,87","R$ 699,99","10x de R$ 82,35",-36%,,Mega Maio,https://www.kabum.com.br/produto/516136/gabinete-gamer-corsair-2500d-mini-tower-m-atx-lateral-em-vidro-temperado-branco-cc-9011264-ww,Restam 48 unid.
"Fonte Corsair 750W, 80 Plus Gold, Full Modular, Bivolt, Sem Cabo, Branco - CP-9020231-WW","R$ 917,64","R$ 749,99","10x de R$ 88,23",-3%,,,https://www.kabum.com.br/produto/516981/fonte-corsair-750w-80-plus-gold-full-modular-bivolt-sem-cabo-branco-cp-9020231-ww,Restam 5 unid.
"Placa de Vídeo RTX 4070 Super Gigabyte Windforce NVIDIA GeForce, 12GB, GDDR6X, DLSS, Ray Tracing - GV-N407SWF3OC-12GD","R$ 6.235,28","R$ 4.899,99","10x de R$ 576,46",-7%,(47),Mega Maio,https://www.kabum.com.br/produto/517751/placa-de-video-rtx-4070-super-gigabyte-windforce-nvidia-geforce-12gb-gddr6x-dlss-ray-tracing-gv-n407swf3oc-12gd,
"Cadeira Office DT3 GTL, Até 110kg, Cilindro de Gás Classe 4, Nylon, Preto - 14021-8","R$ 1.178,94","R$ 1.059,90","10x de R$ 111,56",-5%,(4),,https://www.kabum.com.br/produto/519976/cadeira-office-dt3-gtl-ate-110kg-cilindro-de-gas-classe-4-nylon-preto-14021-8,Restam 20 unid.
"Gabinete Gamer Antec CANNON, Full Tower, E-ATX Lateral em Vidro Temperado, Preto - CANNON","R$ 4.705,87","R$ 3.599,99","10x de R$ 423,52",-10%,,Mega Maio,https://www.kabum.com.br/produto/520788/gabinete-gamer-antec-cannon-full-tower-e-atx-lateral-em-vidro-temperado-preto-cannon,Restam 1 unid.
"Placa-Mãe Colorful BATTLE-AX H610M-E, Intel LGA1700, H610, DDR4, WIFI V20, Preto -  BAX-H610MEW-DDR4-WW","R$ 788,22","R$ 629,99","10x de R$ 74,11",-5%,,,https://www.kabum.com.br/produto/522295/placa-mae-colorful-battle-ax-h610m-e-intel-lga1700-h610-ddr4-wifi-v20-preto-bax-h610mew-ddr4-ww,Restam 40 unid.
"Placa-Mãe Colorful CVN B550M Gaming Frozen V15, Chipset B550, AMD AM4, mAXT, DDR4, Branco - CVN-B550GFV15-DDR4-WW","R$ 999,99","R$ 799,99","10x de R$ 94,11",-5%,(1),,https://www.kabum.com.br/produto/522298/placa-mae-colorful-cvn-b550m-gaming-frozen-v15-chipset-b550-amd-am4-maxt-ddr4-branco-cvn-b550gfv15-ddr4-ww,Restam 15 unid.
"Placa-Mãe Gigabyte B760M Gaming DDR4, Intel LGA 1700 MATX, DDR4, Preto e Vermelho - B760M GAMING DDR4","R$ 1.129,40","R$ 899,99","10x de R$ 105,88",-6%,(3),,https://www.kabum.com.br/produto/525602/placa-mae-gigabyte-b760m-gaming-ddr4-intel-lga-1700-matx-ddr4-preto-e-vermelho-b760m-gaming-ddr4,Restam 10 unid.
"Fita LED TP-Link TAPO L920-5, RGB, Wi-Fi, 5 Metros - Tapo L920-5(EU)","R$ 288,78","R$ 199,90","8x de R$ 27,76",-23%,,,https://www.kabum.com.br/produto/527345/fita-led-tp-link-tapo-l920-5-rgb-wi-fi-5-metros-tapo-l920-5-eu-,Restam 17 unid.
"Fonte Corsair RM750x Shift, 750W, 80 Plus Gold, Modular, Branco - CP-9020273-BR","R$ 1.088,22","R$ 879,99","10x de R$ 103,52",-4%,,,https://www.kabum.com.br/produto/540110/fonte-corsair-rm750x-shift-750w-80-plus-gold-modular-branco-cp-9020273-br,Restam 95 unid.
"SSD Corsair MP600 Elite, 1TB, M.2 NVMe, Leitura 7000MB/s e Gravação 6200MB/s, Preto - CSSD-F1000GBMP600EHS","R$ 823,52","R$ 679,99","10x de R$ 79,99",-2%,(10),,https://www.kabum.com.br/produto/542148/ssd-corsair-mp600-elite-1tb-m-2-nvme-leitura-7000mb-s-e-gravacao-6200mb-s-preto-cssd-f1000gbmp600ehs,Restam 73 unid.
"Camera de Segurança TP-Link TAPO C100, Wi-Fi, Full HD, Branco - Tapo C100(BR)","R$ 233,22","R$ 169,90","7x de R$ 26,96",-19%,(1),,https://www.kabum.com.br/produto/543702/camera-de-seguranca-tp-link-tapo-c100-wi-fi-full-hd-branco-tapo-c100-br-,Restam 85 unid.
"Camera de Segurança TP-Link TAPO C200, Wi-Fi, Full HD, Branco - Tapo C200(BR)","R$ 266,56","R$ 185,00","8x de R$ 25,69",-22%,(1),,https://www.kabum.com.br/produto/543703/camera-de-seguranca-tp-link-tapo-c200-wi-fi-full-hd-branco-tapo-c200-br-,
"Fechadura Digital de Sobrepor Intelbras MFR 1001, 6V, Senha, Preto - 4670028",,"R$ 649,90","10x de R$ 72,21",,,,https://www.kabum.com.br/produto/577599/fechadura-digital-de-sobrepor-intelbras-mfr-1001-6v-senha-preto-4670028,
"Fechadura Digital de Embutir Intelbras MFR 7001, 6V, Com Biometria, Preto - 4670032","R$ 2.277,67","R$ 1.489,90","10x de R$ 165,54",-27%,(2),,https://www.kabum.com.br/produto/577605/fechadura-digital-de-embutir-intelbras-mfr-7001-6v-com-biometria-preto-4670032,Restam 21 unid.
"Câmera Smart Externa Positivo, Wi-Fi, Full HD, Branco","R$ 433,22","R$ 299,90","10x de R$ 33,32",-23%,,Mega Maio,https://www.kabum.com.br/produto/577714/camera-smart-externa-positivo-wi-fi-full-hd-branco,Restam 16 unid.
"Câmera de Segurança Externa Intelbras Inteligente, Wi-Fi, Full HD, Colorida, iME 500, Branco - 4590010","R$ 466,56","R$ 399,90","10x de R$ 44,43",-4%,(1),Mega Maio,https://www.kabum.com.br/produto/578259/camera-de-seguranca-externa-intelbras-inteligente-wi-fi-full-hd-colorida-ime-500-branco-4590010,Restam 6 unid.
"HD Externo WD Elements, 6TB, USB, Preto - WDBHJS0060BBK-WESN",,"R$ 1.259,99","10x de R$ 148,23",,(2),,https://www.kabum.com.br/produto/583340/hd-externo-wd-elements-6tb-usb-preto-wdbhjs0060bbk-wesn,
"Fonte Cooler Master X Silent Max Platinum 1300, 1300W, 80 Plis Platinum, PFC Ativo, Sem Cabo, Preto - MPS-D001-AFAP-BBR","R$ 4.705,87","R$ 3.799,99","10x de R$ 447,05",-4%,,,https://www.kabum.com.br/produto/586466/fonte-cooler-master-x-silent-max-platinum-1300-1300w-80-plis-platinum-pfc-ativo-sem-cabo-preto-mps-d001-afap-bbr,Restam 12 unid.
"Microfone Streamer de Mesa Fifine Ampligame, RGB, Cardióide, Omni-direcional, USB, Branco - A8PLUS","R$ 555,54","R$ 439,99","10x de R$ 48,88",-11%,,,https://www.kabum.com.br/produto/592294/microfone-streamer-de-mesa-fifine-ampligame-rgb-cardioide-omni-direcional-usb-branco-a8plus,
"Microfone Dinâmico Fifine, Cardióide, USB Tipo-C e XLR, Preto - TANK3","R$ 555,54","R$ 349,99","10x de R$ 38,88",-29%,(1),,https://www.kabum.com.br/produto/592295/microfone-dinamico-fifine-cardioide-usb-tipo-c-e-xlr-preto-tank3,Restam 89 unid.
"Gabinete Gamer Corsair 2500X, Mini-Tower, M-ATX, Frente e Lateral em Vidro Temperado, Preto - CC-9011265-WW","R$ 1.329,40","R$ 699,99","10x de R$ 82,35",-38%,,Mega Maio,https://www.kabum.com.br/produto/593763/gabinete-gamer-corsair-2500x-mini-tower-m-atx-frente-e-lateral-em-vidro-temperado-preto-cc-9011265-ww,Restam 48 unid.
"Gabinete Gamer Corsair 2500X, Mini-Tower, M-ATX, Frente e Lateral em Vidro Temperado, Branco - CC-9011266-WW","R$ 1.329,40","R$ 729,99","10x de R$ 85,88",-35%,(2),Mega Maio,https://www.kabum.com.br/produto/593764/gabinete-gamer-corsair-2500x-mini-tower-m-atx-frente-e-lateral-em-vidro-temperado-branco-cc-9011266-ww,Restam 35 unid.
"Gabinete Gamer Corsair 2500X LINK Tempered Glass mATX Mid-Tower, Preto - CC-9011267-WW","R$ 1.529,40","R$ 899,99","10x de R$ 105,88",-30%,(1),Mega Maio,https://www.kabum.com.br/produto/593765/gabinete-gamer-corsair-2500x-link-tempered-glass-matx-mid-tower-preto-cc-9011267-ww,Restam 47 unid.
"Gabinete Gamer Corsair 2500X LINK Tempered Glass mATX Mid-Tower, Branco - CC-9011268-WW","R$ 1.647,05","R$ 899,99","10x de R$ 105,88",-35%,,Mega Maio,https://www.kabum.com.br/produto/593766/gabinete-gamer-corsair-2500x-link-tempered-glass-matx-mid-tower-branco-cc-9011268-ww,Restam 49 unid.
"Headset Gamer Corsair Virtuoso PRO, Carbono -  CA-9011370-NA","R$ 1.699,99","R$ 1.099,99","10x de R$ 122,22",-28%,,,https://www.kabum.com.br/produto/600103/headset-gamer-corsair-virtuoso-pro-carbono-ca-9011370-na,Restam 3 unid.
"Headset Gamer Corsair Virtuoso PRO, Branco -  CA-9011371-NA","R$ 1.699,99","R$ 1.099,99","10x de R$ 122,22",-28%,,,https://www.kabum.com.br/produto/600104/headset-gamer-corsair-virtuoso-pro-branco-ca-9011371-na,Restam 5 unid.
"Storage Asustor NAS Flashstor 12 Pro FS6712X, Sem SSD, 12 Slot M.2 SSD NVMe, CPU Quad-Core 2.0GHz, 4GB DDR4, Preto - FS6712X",,"R$ 9.999,99","10x de R$ 1111,11",,,,https://www.kabum.com.br/produto/609607/storage-asustor-nas-flashstor-12-pro-fs6712x-sem-ssd-12-slot-m-2-ssd-nvme-cpu-quad-core-2-0ghz-4gb-ddr4-preto-fs6712x,
"Receptor de TV Via Satelite ELSYS Sathd Satmax 6, Full HD, USB e HDMI, Preto - ETRS72","R$ 166,55","R$ 139,00","6x de R$ 25,74",-7%,,Mega Maio,https://www.kabum.com.br/produto/609654/receptor-de-tv-via-satelite-elsys-sathd-satmax-6-full-hd-usb-e-hdmi-preto-etrs72,
"Fechadura Digital de Sobrepor ELSYS, Com Senha, Preto - ESF-DS1100V","R$ 554,44","R$ 449,00","10x de R$ 49,88",-10%,,Mega Maio,https://www.kabum.com.br/produto/609655/fechadura-digital-de-sobrepor-elsys-com-senha-preto-esf-ds1100v,Restam 19 unid.
"Placa-Mãe Gigabyte B650M H, AMD, Micro ATX, Preto - B650M H",,"R$ 741,99","10x de R$ 82,44",,(13),,https://www.kabum.com.br/produto/609662/placa-mae-gigabyte-b650m-h-amd-micro-atx-preto-b650m-h,
"Gabinete Gamer Be quiet! Pure Base 500DX, Mid Tower, RGB, ATX, Lateral em vidro temperado, Com 3 Ventoinhas, Branco - BGW38","R$ 1.001,08","R$ 879,99","10x de R$ 95,65",-4%,,,https://www.kabum.com.br/produto/610076/gabinete-gamer-be-quiet-pure-base-500dx-mid-tower-rgb-atx-lateral-em-vidro-temperado-com-3-ventoinhas-branco-bgw38,Restam 5 unid.
"Headset Trust HS-201, Driver 40mm, USB, para PC, Preto - 25373",,"R$ 129,99","5x de R$ 28,88",,(5),,https://www.kabum.com.br/produto/616044/headset-trust-hs-201-driver-40mm-usb-para-pc-preto-25373,
"Memória RAM Kingston Fury Beast Branco XMP,16GB, 6400MT/s DDR5, DIMM, CL32 - KF564C32BW-16","R$ 830,58","R$ 667,99","10x de R$ 78,58",-5%,,,https://www.kabum.com.br/produto/616587/memoria-ram-kingston-fury-beast-branco-xmp-16gb-6400mt-s-ddr5-dimm-cl32-kf564c32bw-16,Restam 8 unid.
"Placa Mãe Colorful Battle-AX B660M-D V20, Intel LGA 1700, M-ATX, DDR4 - BATTLE-AX B660M-D V20","R$ 833,32","R$ 699,99","10x de R$ 77,77",-6%,,,https://www.kabum.com.br/produto/616737/placa-mae-colorful-battle-ax-b660m-d-v20-intel-lga-1700-m-atx-ddr4-battle-ax-b660m-d-v20,Restam 8 unid.
"Projetor LG CineBeam Q 4K UHD Laser, Smart Portátil, 500 ANSI, Bluetooth, WebOS 6.0, Screen Share, Air Play, Alto-falante - HU710PB",,"R$ 7.999,99","10x de R$ 842,10",,(8),,https://www.kabum.com.br/produto/618345/projetor-lg-cinebeam-q-4k-uhd-laser-smart-portatil-500-ansi-bluetooth-webos-6-0-screen-share-air-play-alto-falante-hu710pb,
"Webcam Rise Mode Vision Double Mic, 1080P, 30 FPS, 2x Microfone Digital, USB, Preto - RM-WECM-1080D-B","R$ 211,10","R$ 119,99","5x de R$ 26,66",-36%,(8),,https://www.kabum.com.br/produto/618351/webcam-rise-mode-vision-double-mic-1080p-30-fps-2x-microfone-digital-usb-preto-rm-wecm-1080d-b,
"Suporte Articulado de Mesa para 2 Monitores DE 17"" a 35""+ ELG, Com Pistão a Gás, 2 Cabos HDMI de 2.5m - F196HDMI","R$ 588,22","R$ 399,99","10x de R$ 47,05",-19%,(8),Mega Maio,https://www.kabum.com.br/produto/618528/suporte-articulado-de-mesa-para-2-monitores-de-17-a-35-elg-com-pistao-a-gas-2-cabos-hdmi-de-2-5m-f196hdmi,Restam 36 unid.
"Controle Arcade Stick Sem Fio 8BitDo para Xbox, Branco - 81JA01D","R$ 1.111,10","R$ 849,99","10x de R$ 94,44",-15%,(3),Mega Maio,https://www.kabum.com.br/produto/619967/controle-arcade-stick-sem-fio-8bitdo-para-xbox-branco-81ja01d,Restam 4 unid.
"Controle Arcade Stick Sem Fio 8BitDo para Xbox, Preto - 81JA02D","R$ 1.111,10","R$ 849,99","10x de R$ 94,44",-15%,(1),Mega Maio,https://www.kabum.com.br/produto/619968/controle-arcade-stick-sem-fio-8bitdo-para-xbox-preto-81ja02d,Restam 21 unid.
"Controle Sem Fio 8BitDo Ultimate, Hall Edition, Branco - 81HA07","R$ 439,99","R$ 349,00","10x de R$ 38,77",-11%,(8),Mega Maio,https://www.kabum.com.br/produto/619970/controle-sem-fio-8bitdo-ultimate-hall-edition-branco-81ha07,
"Câmera Inteligente Geonav Externa 360 Graus, PTZ, Wi-Fi BK","R$ 499,89","R$ 379,89","10x de R$ 42,21",-15%,,Mega Maio,https://www.kabum.com.br/produto/628589/camera-inteligente-geonav-externa-360-graus-ptz-wi-fi-bk,Restam 10 unid.
"Fechadura Digital de Embutir Elsys, Wi-Fi, Biometria, Câmera, Preto - ESF-DE5100I","R$ 1.776,67","R$ 1.399,90","10x de R$ 155,54",-12%,,Mega Maio,https://www.kabum.com.br/produto/631017/fechadura-digital-de-embutir-elsys-wi-fi-biometria-camera-preto-esf-de5100i,
"Fechadura Digital de Embutir Elsys, Wi-Fi, Biometria, Câmera, Prata - ESF-DE5100I","R$ 1.944,34","R$ 1.399,90","10x de R$ 155,54",-20%,,Mega Maio,https://www.kabum.com.br/produto/631018/fechadura-digital-de-embutir-elsys-wi-fi-biometria-camera-prata-esf-de5100i,
"Webcam HP 430 FHD, 2MP, USB 2.0 Tipo-A, Preto - 77B11AA#ABA","R$ 466,66","R$ 399,99","10x de R$ 44,44",-4%,,,https://www.kabum.com.br/produto/631418/webcam-hp-430-fhd-2mp-usb-2-0-tipo-a-preto-77b11aa-aba,Restam 10 unid.
Kits de Materiais Cricut Essenciais,"R$ 979,90","R$ 930,91","10x de R$ 93,09",-4%,,Mega Maio,https://www.kabum.com.br/produto/633941/kits-de-materiais-cricut-essenciais,Restam 10 unid.
"Controle Wireless 8BitDo Ultimate 2C, Roxo - 81HD01","R$ 333,32","R$ 199,99","8x de R$ 27,77",-33%,(19),Mega Maio,https://www.kabum.com.br/produto/634471/controle-wireless-8bitdo-ultimate-2c-roxo-81hd01,
"Controle Wireless 8BitDo Ultimate 2C, Bluetooth, Verde - 81HD02","R$ 333,32","R$ 199,99","8x de R$ 27,77",-33%,(21),Mega Maio,https://www.kabum.com.br/produto/634472/controle-wireless-8bitdo-ultimate-2c-bluetooth-verde-81hd02,
"Suporte para 2 Monitores Octoo ClipWay 2, VESA 75 a 100mm, Com Regulagem de Altura, Ice Silver - 8588","R$ 444,43","R$ 229,99","10x de R$ 25,55",-42%,(1),,https://www.kabum.com.br/produto/636838/suporte-para-2-monitores-octoo-clipway-2-vesa-75-a-100mm-com-regulagem-de-altura-ice-silver-8588,Restam 9 unid.
"Teclado Gamer Mecânico Corsair K70 Core RGB, Teclas lineares Corsair Red, Preto - CH-910971E-NA","R$ 666,56","R$ 419,99","10x de R$ 46,66",-29%,,Mega Maio,https://www.kabum.com.br/produto/638811/teclado-gamer-mecanico-corsair-k70-core-rgb-teclas-lineares-corsair-red-preto-ch-910971e-na,
"Jogo Metaphor Refantazio, PS5 - AT000014PS5",,"R$ 314,91","10x de R$ 34,98",,(15),,https://www.kabum.com.br/produto/638929/jogo-metaphor-refantazio-ps5-at000014ps5,
"Water cooler Tryx Panorama AIO, ARGB, 360mm, Preto - L-P360A-AS3M-G0K",,"R$ 2.520,99","10x de R$ 280,11",,,,https://www.kabum.com.br/produto/640738/water-cooler-tryx-panorama-aio-argb-360mm-preto-l-p360a-as3m-g0k,
"Fonte Fortrek Crusader, 500W, ATX, Sem cabo, Branca - 83590","R$ 201,10","R$ 169,99","7x de R$ 26,98",-6%,,,https://www.kabum.com.br/produto/640777/fonte-fortrek-crusader-500w-atx-sem-cabo-branca-83590,Restam 16 unid.
"Roteador Mesh Wi-fi 6 Gigabit Tp-link, Dual-Band AX3000, Branco - Halo H80X",,"R$ 579,90","10x de R$ 64,43",,(1),,https://www.kabum.com.br/produto/640783/roteador-mesh-wi-fi-6-gigabit-tp-link-dual-band-ax3000-branco-halo-h80x,
"Placa-Mãe ASUS ROG Strix Z890-A Gaming, Intel, ATX, DDR5, WiFi, Branco - 90MB1I90-M0EAY0","R$ 4.244,43","R$ 3.199,99","10x de R$ 355,55",-16%,,,https://www.kabum.com.br/produto/642995/placa-mae-asus-rog-strix-z890-a-gaming-intel-atx-ddr5-wifi-branco-90mb1i90-m0eay0,Restam 5 unid.
"Placa Mãe ASUS TUF Gaming Z890-PRO, Intel, ATX, DDR5, Wi-Fi - 90MB1IR0-M0EAY0","R$ 3.533,32","R$ 2.999,99","10x de R$ 333,33",-5%,,,https://www.kabum.com.br/produto/642997/placa-mae-asus-tuf-gaming-z890-pro-intel-atx-ddr5-wi-fi-90mb1ir0-m0eay0,Restam 15 unid.
"Jogo Horizon Zero Dawn Remastered, PS5 - 3005776",,"R$ 219,90","9x de R$ 27,14",,(3),,https://www.kabum.com.br/produto/644468/jogo-horizon-zero-dawn-remastered-ps5-3005776,
"Teclado Sem Fio Logitech MX Keys S, Iluminação Inteligente, Bluetooth ou USB Tipo-C e Logi Bolt, Bateria Recarregável, Cinza - 920-011564","R$ 866,66","R$ 735,99","10x de R$ 81,77",-5%,(3),,https://www.kabum.com.br/produto/649931/teclado-sem-fio-logitech-mx-keys-s-iluminacao-inteligente-bluetooth-ou-usb-tipo-c-e-logi-bolt-bateria-recarregavel-cinza-920-011564,Restam 46 unid.
"Fonte Gamer Deepcool Pn750M Wo, 750W, 80 Plus Gold, Modular, Sem Cabo, Preto - R-PN750M-FC0B-WO","R$ 999,99","R$ 849,99","10x de R$ 94,44",-5%,,,https://www.kabum.com.br/produto/659743/fonte-gamer-deepcool-pn750m-wo-750w-80-plus-gold-modular-sem-cabo-preto-r-pn750m-fc0b-wo,Restam 5 unid.
"Fonte Gamer Deepcool Pn850M Wo, 850W, 80 Plus Gold, Modular, Sem Cabo, Preto - R-PN850M-FC0B-WO","R$ 1.088,88","R$ 919,99","10x de R$ 102,22",-6%,,,https://www.kabum.com.br/produto/659744/fonte-gamer-deepcool-pn850m-wo-850w-80-plus-gold-modular-sem-cabo-preto-r-pn850m-fc0b-wo,Restam 4 unid.
"Fonte Gamdias Helios P2-850G, 850W, 80 Plus Gold, Sem cabo, Preto - HELIOS P2-850G L.A","R$ 977,77","R$ 829,99","10x de R$ 92,22",-5%,,,https://www.kabum.com.br/produto/659747/fonte-gamdias-helios-p2-850g-850w-80-plus-gold-sem-cabo-preto-helios-p2-850g-l-a,Restam 5 unid.
"Fonte Gamdias Helios P2-1300G, 1300W, 80 Plus Gold, Sem Cabo, Preto - HELIOS P2-1300G L.A","R$ 2.002,21","R$ 1.699,99","10x de R$ 188,88",-5%,,,https://www.kabum.com.br/produto/659749/fonte-gamdias-helios-p2-1300g-1300w-80-plus-gold-sem-cabo-preto-helios-p2-1300g-l-a,Restam 5 unid.
"Fonte Gamdias Kratos P2 850, 850W, ARGB, 80 Plus Gold, Sem Cabo, Perto - KRATOS P2-850G L.A","R$ 1.177,77","R$ 999,99","10x de R$ 111,10",-5%,,,https://www.kabum.com.br/produto/659750/fonte-gamdias-kratos-p2-850-850w-argb-80-plus-gold-sem-cabo-perto-kratos-p2-850g-l-a,Restam 5 unid.
"iPad Mini Apple, Tela 8.3"", 512GB, Chip A17 Pro, Wi-Fi + Cellular, Câmera Traseira 12MP, 5G NR, iPadOS 18, Cinza-Espacial - MYHC3BZ/A","R$ 11.110,00","R$ 9.699,00","10x de R$ 1077,66",-3%,,Mega Maio,https://www.kabum.com.br/produto/669900/ipad-mini-apple-tela-8-3-512gb-chip-a17-pro-wi-fi-cellular-camera-traseira-12mp-5g-nr-ipados-18-cinza-espacial-myhc3bz-a,Restam 3 unid.
"Headset Gamer Sem Fio Force One Supersonic 7.1 Surround, Wireless, Preto - FR.AU.SU.01","R$ 555,54","R$ 399,99","10x de R$ 44,44",-20%,(6),,https://www.kabum.com.br/produto/670577/headset-gamer-sem-fio-force-one-supersonic-7-1-surround-wireless-preto-fr-au-su-01,
"Teclado Mecanico Gamer Force One Yari, RGB, Switchs Gateron Amarelo, Keycap Personalizável, Hotswap, Cabo Removível, Branco - FR.TC.YA.01","R$ 577,77","R$ 419,99","10x de R$ 46,66",-19%,(1),,https://www.kabum.com.br/produto/670588/teclado-mecanico-gamer-force-one-yari-rgb-switchs-gateron-amarelo-keycap-personalizavel-hotswap-cabo-removivel-branco-fr-tc-ya-01,Restam 69 unid.
"Suporte De Mesa Bluecase Ergo Flexy Para Monitor, 12"" a 32"", Tri-Articulado, Pistão a Gás, Até 10kg, Vesa, Preto - BSMTG01-3BBX","R$ 188,88","R$ 154,99","6x de R$ 28,70",-8%,,,https://www.kabum.com.br/produto/679723/suporte-de-mesa-bluecase-ergo-flexy-para-monitor-12-a-32-tri-articulado-pistao-a-gas-ate-10kg-vesa-preto-bsmtg01-3bbx,Restam 2 unid.
"Suporte De Mesa Bluecase Ergo Flexy Para Dois Monitores, 12"" a 32"", Tri-Articulado, Ate 8+8kg, Vesa, Preto - BSMT02-2BX","R$ 166,66","R$ 139,99","6x de R$ 25,92",-6%,,,https://www.kabum.com.br/produto/679728/suporte-de-mesa-bluecase-ergo-flexy-para-dois-monitores-12-a-32-tri-articulado-ate-8-8kg-vesa-preto-bsmt02-2bx,Restam 5 unid.
"Jogo Assassin's Creed Shadows, PS5 - UB000078PS5",,"R$ 341,91","10x de R$ 37,98",,(1),,https://www.kabum.com.br/produto/690192/jogo-assassin-s-creed-shadows-ps5-ub000078ps5,
"Caixa de Som Chilli Beans Smart Mini, TWS, Bluetooth, USB, SD Card, Led Show, Preto - AK2010","R$ 276,67","R$ 189,00","8x de R$ 26,25",-24%,,Mega Maio,https://www.kabum.com.br/produto/690416/caixa-de-som-chilli-beans-smart-mini-tws-bluetooth-usb-sd-card-led-show-preto-ak2010,Restam 30 unid.
"Caixa de Som Chilli Beans Smart Box, TWS, Bluetooth, USB e SD Card, Voice Call, Led Show, Preto - AK2020","R$ 443,33","R$ 349,00","10x de R$ 38,77",-12%,,Mega Maio,https://www.kabum.com.br/produto/690417/caixa-de-som-chilli-beans-smart-box-tws-bluetooth-usb-e-sd-card-voice-call-led-show-preto-ak2020,Restam 9 unid.
"Jogo Sid Meier's Civilization VII, PS5 - TT000261PS5",,"R$ 314,10","10x de R$ 34,90",,(1),,https://www.kabum.com.br/produto/699071/jogo-sid-meier-s-civilization-vii-ps5-tt000261ps5,
"Roteador TP Link Deco BE65 Mesh WI-FI 7, 2.5G, Tri-Band, BE11000, Pacote com 1 Unidade - Deco BE65(1-pack)(US)",,"R$ 1.499,90","10x de R$ 166,65",,,,https://www.kabum.com.br/produto/712627/roteador-tp-link-deco-be65-mesh-wi-fi-7-2-5g-tri-band-be11000-pacote-com-1-unidade-deco-be65-1-pack-us-,
"Jogo Lost Soul Aside, PS5 - 1000037847",,"R$ 269,91","10x de R$ 29,99",,,,https://www.kabum.com.br/produto/714963/jogo-lost-soul-aside-ps5-1000037847,
"Jogo Bleach Rebirth of Souls, PS5 - NB000255PS5",,"R$ 287,91","10x de R$ 31,99",,,,https://www.kabum.com.br/produto/722731/jogo-bleach-rebirth-of-souls-ps5-nb000255ps5,
"MacBook Air Apple 13"" Chip M4, CPU 10 Núcleos, GPU 10 Núcleos, Neural Engine 16 Núcleos, 16GB RAM, SSD 512GB, Prateado - MW0X3BZ/A","R$ 16.099,86","R$ 10.999,00","10x de R$ 1222,11",-24%,(1),,https://www.kabum.com.br/produto/726055/macbook-air-apple-13-chip-m4-cpu-10-nucleos-gpu-10-nucleos-neural-engine-16-nucleos-16gb-ram-ssd-512gb-prateado-mw0x3bz-a,Restam 7 unid.
"MacBook Air Apple 13"" Chip M4, CPU 10 Núcleos, GPU 10 Núcleos, Neural Engine 16 Núcleos, 24GB RAM, SSD 512GB, Prateado - MC654BZ/A","R$ 18.399,86","R$ 12.699,90","10x de R$ 1411,10",-23%,,Mega Maio,https://www.kabum.com.br/produto/726066/macbook-air-apple-13-chip-m4-cpu-10-nucleos-gpu-10-nucleos-neural-engine-16-nucleos-24gb-ram-ssd-512gb-prateado-mc654bz-a,Restam 3 unid.
"MacBook Air Apple 15"" Chip M4, CPU 10 Núcleos, GPU 10 Núcleos, Neural Engine 16 Núcleos, 16GB, SSD 512GB, Azul-céu - MC7C4BZ/A","R$ 18.399,86","R$ 12.699,00","10x de R$ 1411,00",-23%,,Mega Maio,https://www.kabum.com.br/produto/726076/macbook-air-apple-15-chip-m4-cpu-10-nucleos-gpu-10-nucleos-neural-engine-16-nucleos-16gb-ssd-512gb-azul-ceu-mc7c4bz-a,Restam 3 unid.
"Headset Gamer Aplus Atis, RGB, Microfone Removível, USB e P3, Preto - AH200","R$ 444,43","R$ 269,99","10x de R$ 29,99",-32%,,Mega Maio,https://www.kabum.com.br/produto/729820/headset-gamer-aplus-atis-rgb-microfone-removivel-usb-e-p3-preto-ah200,Restam 20 unid.
"Nobreak TS Shara, TS-1450, Universal, 24V, 2BS/2BA, 5AH, 6T, Entrada Biv. Auto, Saida 115V ou 220V, 1 EXP - 4566",,"R$ 829,90","10x de R$ 92,21",,,,https://www.kabum.com.br/produto/736933/nobreak-ts-shara-ts-1450-universal-24v-2bs-2ba-5ah-6t-entrada-biv-auto-saida-115v-ou-220v-1-exp-4566,
"Headset Gamer Redragon Skuld Pro, Bluetooth, USB 2.4GHz Removível, USB Tipo-C, Preto - H878BG","R$ 511,10","R$ 329,99","10x de R$ 36,66",-28%,,,https://www.kabum.com.br/produto/739300/headset-gamer-redragon-skuld-pro-bluetooth-usb-2-4ghz-removivel-usb-tipo-c-preto-h878bg,Restam 10 unid.
"Suporte De Parede Pcyes, Para Monitor De 13 A 27"", Articulado, Preto - SMP-002B","R$ 144,43","R$ 119,99","5x de R$ 26,66",-7%,,,https://www.kabum.com.br/produto/740334/suporte-de-parede-pcyes-para-monitor-de-13-a-27-articulado-preto-smp-002b,Restam 4 unid.
"Gabinete Gamer Fractal Design Define R5, Mid Tower, ATX, Preto - FD-CA-DEF-R5-BK","R$ 2.222,21","R$ 1.799,99","10x de R$ 199,99",-9%,,Cupom FRACTAL5,https://www.kabum.com.br/produto/755060/gabinete-gamer-fractal-design-define-r5-mid-tower-atx-preto-fd-ca-def-r5-bk,Restam 1 unid.
"Gabinete Gamer Fractal Design Focus 2 RGB, Mid Tower, ATX, Lateral em Vidro, Branco - FD-C-FOC2A-04","R$ 1.333,32","R$ 949,99","10x de R$ 105,55",-20%,,Cupom FRACTAL5,https://www.kabum.com.br/produto/755061/gabinete-gamer-fractal-design-focus-2-rgb-mid-tower-atx-lateral-em-vidro-branco-fd-c-foc2a-04,Restam 1 unid.
"Gabinete Gamer Fractal Design Focus 2 RGB, Mid Tower, ATX, Lateral em Vidro, Preto - FD-C-FOC2A-03","R$ 1.555,54","R$ 1.099,99","10x de R$ 122,22",-21%,,Cupom FRACTAL5,https://www.kabum.com.br/produto/755062/gabinete-gamer-fractal-design-focus-2-rgb-mid-tower-atx-lateral-em-vidro-preto-fd-c-foc2a-03,Restam 1 unid.
"Gabinete Gamer Fractal Design Meshify 2 Compact, Mid Tower, ATX, Preto - FD-C-MES2C-01","R$ 1.999,99","R$ 1.299,99","10x de R$ 144,44",-27%,,Cupom FRACTAL5,https://www.kabum.com.br/produto/755063/gabinete-gamer-fractal-design-meshify-2-compact-mid-tower-atx-preto-fd-c-mes2c-01,Restam 1 unid.
"Gabinete Gamer Fractal Design Meshify 2 Compact RGB, Mid Tower, ATX, Lateral em Vidro, Branco - FD-C-MES2C-08","R$ 1.999,99","R$ 1.549,99","10x de R$ 172,22",-13%,,Cupom FRACTAL5,https://www.kabum.com.br/produto/755064/gabinete-gamer-fractal-design-meshify-2-compact-rgb-mid-tower-atx-lateral-em-vidro-branco-fd-c-mes2c-08,Restam 1 unid.
"Gabinete Gamer Fractal Design Meshify C, Mid Tower, ATX, Lateral em vidro, Branco - TG FD-CA-MESH-C-WT-TGC","R$ 1.444,43","R$ 1.099,99","10x de R$ 122,22",-15%,,Cupom FRACTAL5,https://www.kabum.com.br/produto/755067/gabinete-gamer-fractal-design-meshify-c-mid-tower-atx-lateral-em-vidro-branco-tg-fd-ca-mesh-c-wt-tgc,Restam 1 unid.
"Gabinete Gamer Fractal Design ATX Meshify C, Mid Tower, Lateral em Vidro Escuro, Preto - FD-CA-MESH-C-BKO-TG","R$ 1.555,54","R$ 1.099,99","10x de R$ 122,22",-21%,,Cupom FRACTAL5,https://www.kabum.com.br/produto/755068/gabinete-gamer-fractal-design-atx-meshify-c-mid-tower-lateral-em-vidro-escuro-preto-fd-ca-mesh-c-bko-tg,Restam 1 unid.
"Gabinete Gamer Fractal Design ATX Meshify C, Mid Tower, Lateral em Vidro, Preto - FD-CA-MESH-C-BKO-TGL","R$ 1.555,54","R$ 1.099,99","10x de R$ 122,22",-21%,,Cupom FRACTAL5,https://www.kabum.com.br/produto/755069/gabinete-gamer-fractal-design-atx-meshify-c-mid-tower-lateral-em-vidro-preto-fd-ca-mesh-c-bko-tgl,Restam 2 unid.
"Gabinete Gamer Fractal Design North Chalk White, Mid Tower, ATX, Lateral em Vidro Escuro, Branco  - FD-C-NOR1C-03","R$ 2.555,54","R$ 1.799,99","10x de R$ 199,99",-21%,,Cupom FRACTAL5,https://www.kabum.com.br/produto/755070/gabinete-gamer-fractal-design-north-chalk-white-mid-tower-atx-lateral-em-vidro-escuro-branco-fd-c-nor1c-03,Restam 3 unid.
"Gabinete Gamer Fractal Design North Charcoal Black, Mid Tower, ATX, Lateral em Vidro, Tinted Glass, Preto - FD-C-NOR1C-02","R$ 2.222,21","R$ 1.599,99","10x de R$ 177,77",-19%,,Cupom FRACTAL5,https://www.kabum.com.br/produto/755073/gabinete-gamer-fractal-design-north-charcoal-black-mid-tower-atx-lateral-em-vidro-tinted-glass-preto-fd-c-nor1c-02,Restam 4 unid.
"Gabinete Gamer Fractal Design Pop Air, Mid Tower, ATX, Lateral em Vidro, TG Clear, Branco - FD-C-POA1A-03","R$ 1.333,32","R$ 949,99","10x de R$ 105,55",-20%,,Cupom FRACTAL5,https://www.kabum.com.br/produto/755074/gabinete-gamer-fractal-design-pop-air-mid-tower-atx-lateral-em-vidro-tg-clear-branco-fd-c-poa1a-03,Restam 1 unid.
"Gabinete Gamer ATX Fractal Design Pop Air RGB, Mid Tower, Lateral em Vidro, TG Clear, Preto - FD-C-POR1A-06","R$ 1.555,54","R$ 1.199,99","10x de R$ 133,33",-14%,,Cupom FRACTAL5,https://www.kabum.com.br/produto/755076/gabinete-gamer-atx-fractal-design-pop-air-rgb-mid-tower-lateral-em-vidro-tg-clear-preto-fd-c-por1a-06,Restam 2 unid.
"Gabinete Gamer Fractal Design Pop XL Air, E-ATX, Mid Tower, Lateral em Vidro, TG Clear Tint, Branco - FD-C-POR1X-01","R$ 2.222,21","R$ 1.499,99","10x de R$ 166,66",-24%,,Cupom FRACTAL5,https://www.kabum.com.br/produto/755080/gabinete-gamer-fractal-design-pop-xl-air-e-atx-mid-tower-lateral-em-vidro-tg-clear-tint-branco-fd-c-por1x-01,Restam 1 unid.
"Gabinete Gamer Fractal Design Define 7 Mini, mATX, Lateral em Vidro, Preto - FD-C-DEF7M-01","R$ 1.666,66","R$ 1.199,99","10x de R$ 133,33",-20%,,Cupom FRACTAL5,https://www.kabum.com.br/produto/755085/gabinete-gamer-fractal-design-define-7-mini-matx-lateral-em-vidro-preto-fd-c-def7m-01,Restam 2 unid.
"Gabinete Gamer Fractal Design Meshify C Mini, mATX, Lateral em Vidro, Preto - FD-CA-MESH-C-MINI-BKO-TGD","R$ 1.444,43","R$ 1.099,99","10x de R$ 122,22",-15%,,Cupom FRACTAL5,https://www.kabum.com.br/produto/755086/gabinete-gamer-fractal-design-meshify-c-mini-matx-lateral-em-vidro-preto-fd-ca-mesh-c-mini-bko-tgd,Restam 2 unid.
"Gabinete Gamer Fractal Design Pop Mini Air RGB, mATX, Mid Tower, Lateral em Vidro. Branco - FD-C-POR1M-01","R$ 1.333,32","R$ 949,99","10x de R$ 105,55",-20%,,Cupom FRACTAL5,https://www.kabum.com.br/produto/755088/gabinete-gamer-fractal-design-pop-mini-air-rgb-matx-mid-tower-lateral-em-vidro-branco-fd-c-por1m-01,Restam 1 unid.
"Gabinete Gamer Fractal Design Pop Mini Air RGB, mATX, Mid Tower, Lateral em Vidro. Preto - FD-C-POR1M-06","R$ 1.666,66","R$ 1.199,99","10x de R$ 133,33",-20%,,Cupom FRACTAL5,https://www.kabum.com.br/produto/755089/gabinete-gamer-fractal-design-pop-mini-air-rgb-matx-mid-tower-lateral-em-vidro-preto-fd-c-por1m-06,Restam 2 unid.
"Gabinete Fractal Design ERA 2, Mini ITX, Prata - FD-C-ERA2N-01","R$ 3.111,10","R$ 2.199,99","10x de R$ 244,44",-21%,,Cupom FRACTAL5,https://www.kabum.com.br/produto/755090/gabinete-fractal-design-era-2-mini-itx-prata-fd-c-era2n-01,Restam 1 unid.
"Gabinete Fractal Design ERA 2, Mini ITX, Azul Meia Noite - FD-C-ERA2N-03","R$ 3.111,10","R$ 2.199,99","10x de R$ 244,44",-21%,,Cupom FRACTAL5,https://www.kabum.com.br/produto/755091/gabinete-fractal-design-era-2-mini-itx-azul-meia-noite-fd-c-era2n-03,Restam 1 unid.
"Gabinete Fractal Design ERA 2, Mini ITX, Cinza Charcoal - FD-C-ERA2N-02","R$ 3.111,10","R$ 2.299,99","10x de R$ 255,55",-17%,,Cupom FRACTAL5,https://www.kabum.com.br/produto/755092/gabinete-fractal-design-era-2-mini-itx-cinza-charcoal-fd-c-era2n-02,Restam 1 unid.
"Gabinete Fractal Design Ridge, Mini ITX, PCI-e 4.0, Branco - FD-C-RID1N-12",,"R$ 1.799,99","10x de R$ 199,99",,,,https://www.kabum.com.br/produto/755093/gabinete-fractal-design-ridge-mini-itx-pci-e-4-0-branco-fd-c-rid1n-12,
"Gabinete Fractal Design Ridge, Mini ITX, PCI-e 4.0, Preto - FD-C-RID1N-11","R$ 2.222,21","R$ 1.499,99","10x de R$ 166,66",-24%,,Cupom FRACTAL5,https://www.kabum.com.br/produto/755094/gabinete-fractal-design-ridge-mini-itx-pci-e-4-0-preto-fd-c-rid1n-11,Restam 1 unid.
"Gabinete Fractal Design Mood, Mini ITX, Mid Tower, Cinza - FD-C-MOD1N-01","R$ 2.222,21","R$ 1.799,99","10x de R$ 199,99",-9%,,Cupom FRACTAL5,https://www.kabum.com.br/produto/755096/gabinete-fractal-design-mood-mini-itx-mid-tower-cinza-fd-c-mod1n-01,Restam 1 unid.
"Gabinete Fractal Design Terra, Mini ITX, Mini Tower, Jade - FD-C-TER1N-03","R$ 2.777,77","R$ 1.999,99","10x de R$ 222,22",-20%,,Cupom FRACTAL5,https://www.kabum.com.br/produto/755098/gabinete-fractal-design-terra-mini-itx-mini-tower-jade-fd-c-ter1n-03,Restam 1 unid.
